concello,parroquia,codparro,ha_medida,ha_sobre_2m,ha_sobre_3m,ha_sobre_5m,ha_sobre_5.5m,ha_sobre_8m,ha_sobre_10m,ha_sobre_35m,pct_sobre_2m,pct_sobre_3m,pct_sobre_5m,pct_sobre_5.5m,pct_sobre_8m,pct_sobre_10m,pct_sobre_35m
Cangas,O Hío (Santo André),3600805.0,267.322,158.46,135.689,107.827,102.838,82.869,69.285,2.147,59.28,50.76,40.34,38.47,31.0,25.92,0.8
A Cañiza,Valeixe (Santa Cristina),3600909.0,257.154,148.038,119.644,100.663,96.824,80.134,68.263,1.39,57.57,46.53,39.14,37.65,31.16,26.55,0.54
O Porriño,San Salvador de Budiño (San Salvador),3603902.0,185.132,105.578,94.884,82.463,80.026,68.832,60.059,1.448,57.03,51.25,44.54,43.23,37.18,32.44,0.78
A Cañiza,Parada das Achas (Santiago),3600907.0,156.869,96.649,89.133,78.668,76.245,64.779,55.524,0.484,61.61,56.82,50.15,48.6,41.3,35.4,0.31
O Rosal,O Rosal (Santa Mariña),3604802.0,188.055,99.929,87.496,77.616,75.9,67.767,61.32,3.203,53.14,46.53,41.27,40.36,36.04,32.61,1.7
Ponteareas,Moreira (San Martiño),3604214.0,146.426,92.767,82.972,74.38,72.713,65.067,59.157,1.147,63.35,56.66,50.8,49.66,44.44,40.4,0.78
Valga,Cordeiro (Santa Comba),3605602.0,227.046,108.942,86.975,74.039,71.524,60.437,51.838,0.264,47.98,38.31,32.61,31.5,26.62,22.83,0.12
O Porriño,Pontellas (Santiago),3603906.0,164.211,90.598,82.081,72.976,71.174,63.402,57.923,4.676,55.17,49.98,44.44,43.34,38.61,35.27,2.85
Salvaterra de Miño,Salvaterra (San Lourenzo),3605014.0,157.618,95.378,82.036,72.124,70.431,62.865,57.37,3.917,60.51,52.05,45.76,44.68,39.88,36.4,2.49
Ponteareas,Guláns (San Xulián),3604213.0,184.402,103.321,88.306,73.084,70.129,58.478,50.614,1.314,56.03,47.89,39.63,38.03,31.71,27.45,0.71
Cuntis,Cuntis (Santa María),3601504.0,255.363,110.078,92.375,73.086,69.604,55.061,45.361,0.881,43.11,36.17,28.62,27.26,21.56,17.76,0.35
Soutomaior,Soutomaior (San Salvador),3605302.0,255.789,113.03,90.786,71.924,68.251,53.008,42.56,0.742,44.19,35.49,28.12,26.68,20.72,16.64,0.29
O Porriño,Atios (Santa Eulalia),3603901.0,148.139,83.54,76.69,68.168,66.466,58.38,52.265,1.608,56.39,51.77,46.02,44.87,39.41,35.28,1.09
Arbo,Mourentán (San Cristovo),3600105.0,160.034,97.802,79.212,67.35,64.904,54.783,47.707,2.145,61.11,49.5,42.08,40.56,34.23,29.81,1.34
Ponteareas,Areas (Santa María),3604203.0,142.101,81.614,72.125,63.234,61.464,53.926,48.093,0.84,57.43,50.76,44.5,43.25,37.95,33.84,0.59
Tui,Ribadelouro (Santa Comba),3605511.0,104.694,71.282,66.543,61.494,60.45,55.54,51.51,2.016,68.09,63.56,58.74,57.74,53.05,49.2,1.93
Tomiño,Tomiño (Santa María),3605414.0,158.722,82.561,71.37,62.008,60.063,51.234,44.37,0.945,52.02,44.97,39.07,37.84,32.28,27.95,0.6
Mos,Louredo (San Salvador),3603304.0,136.98,79.076,69.647,60.549,58.642,49.87,43.121,2.125,57.73,50.84,44.2,42.81,36.41,31.48,1.55
Salvaterra de Miño,Fornelos (San Xoán),3605006.0,116.085,72.904,65.241,57.477,55.984,49.689,44.7,1.362,62.8,56.2,49.51,48.23,42.8,38.51,1.17
Mondariz,Mondariz (Santa Baia),3603005.0,115.374,71.384,65.043,57.398,55.87,48.835,43.243,0.66,61.87,56.38,49.75,48.42,42.33,37.48,0.57
Ponteareas,Ribadetea (San Xurxo),3604224.0,147.229,79.268,67.93,56.939,54.846,46.206,40.458,1.171,53.84,46.14,38.67,37.25,31.38,27.48,0.8
Poio,Poio (San Xoán),3604102.0,195.698,87.633,71.08,56.914,54.158,42.335,34.504,0.975,44.78,36.32,29.08,27.67,21.63,17.63,0.5
Vilaboa,Vilaboa (San Martiño),3605805.0,127.491,73.173,65.314,55.827,53.858,45.584,39.648,3.891,57.39,51.23,43.79,42.24,35.75,31.1,3.05
Mos,Mos (Santa Eulalia),3603305.0,138.062,75.789,65.341,55.198,53.208,44.626,38.755,2.098,54.9,47.33,39.98,38.54,32.32,28.07,1.52
Salvaterra de Miño,Leirado (San Salvador),3605007.0,102.763,68.435,60.3,54.453,53.089,45.784,39.352,1.509,66.59,58.68,52.99,51.66,44.55,38.29,1.47
Covelo,Barcia de Mera (San Martiño),3601301.0,102.208,67.466,61.704,54.242,52.666,45.738,40.48,0.577,66.01,60.37,53.07,51.53,44.75,39.61,0.56
A Cañiza,A Cañiza (Santa Teresa),3600902.0,122.189,69.995,63.87,54.237,52.348,43.775,37.039,0.471,57.28,52.27,44.39,42.84,35.83,30.31,0.39
Redondela,Cedeira (Santo André),3604502.0,148.244,80.137,67.819,53.905,51.397,40.782,33.294,2.92,54.06,45.75,36.36,34.67,27.51,22.46,1.97
Ponteareas,Padróns (San Salvador),3604219.0,142.077,75.48,64.158,52.462,50.159,40.637,34.292,0.549,53.13,45.16,36.92,35.3,28.6,24.14,0.39
Mondariz,Sabaxáns (San Mamede),3603009.0,99.1,61.654,57.239,51.239,49.873,43.514,38.317,0.384,62.21,57.76,51.7,50.33,43.91,38.66,0.39
Ponte Caldelas,Ponte Caldelas (Santa Eulalia),3604307.0,157.424,70.567,62.392,51.586,49.471,40.166,33.09,0.299,44.83,39.63,32.77,31.43,25.51,21.02,0.19
Valga,Setecoros (San Salvador),3605603.0,144.101,68.821,58.303,50.742,49.341,43.063,38.452,1.29,47.76,40.46,35.21,34.24,29.88,26.68,0.9
Mondariz,Lougares (San Fiz),3603003.0,85.884,59.381,55.414,50.303,49.192,44.007,39.804,0.538,69.14,64.52,58.57,57.28,51.24,46.35,0.63
Mos,Torroso (San Mamede),3603310.0,122.25,65.235,57.87,50.512,49.012,42.233,36.931,1.241,53.36,47.34,41.32,40.09,34.55,30.21,1.02
Sanxenxo,Noalla (Santo Estevo),3605107.0,250.199,95.828,67.933,51.448,48.759,37.702,31.161,0.139,38.3,27.15,20.56,19.49,15.07,12.45,0.06
Sanxenxo,Adina (Santa María),3605101.0,177.898,85.35,64.713,51.443,48.708,38.531,31.92,0.379,47.98,36.38,28.92,27.38,21.66,17.94,0.21
Silleda,Silleda (Santa Baia),3605230.0,150.387,61.899,57.26,49.968,48.642,42.567,37.873,0.653,41.16,38.08,33.23,32.34,28.3,25.18,0.43
Crecente,Albeos (San Xoán),3601401.0,141.253,81.52,59.625,50.338,48.553,41.49,36.534,0.406,57.71,42.21,35.64,34.37,29.37,25.86,0.29
Vilanova de Arousa,Baión (San Xoán),3606102.0,170.852,88.473,60.537,50.378,48.408,39.579,33.903,1.313,51.78,35.43,29.49,28.33,23.17,19.84,0.77
O Porriño,Chenlo (San Xoán),3603904.0,83.696,56.534,52.849,48.643,47.744,43.679,40.482,8.464,67.55,63.14,58.12,57.04,52.19,48.37,10.11
Meis,A Armenteira (Santa María),3602801.0,116.816,66.51,55.032,48.82,47.599,41.99,37.549,1.782,56.94,47.11,41.79,40.75,35.95,32.14,1.53
Lalín,Lalín (Santa María das Dores),3602427.0,137.994,64.212,56.627,48.869,47.379,40.552,35.375,0.075,46.53,41.04,35.41,34.33,29.39,25.64,0.05
Lalín,Botos (San Xoán),3602408.0,138.095,58.035,53.493,48.425,47.311,41.687,37.011,0.097,42.03,38.74,35.07,34.26,30.19,26.8,0.07
Cangas,Darbo (Santa María),3600804.0,125.878,70.099,60.745,49.24,47.244,38.543,32.52,1.871,55.69,48.26,39.12,37.53,30.62,25.83,1.49
Forcarei,Forcarei (San Martiño),3601804.0,106.433,57.045,53.685,48.222,46.954,40.702,35.331,0.316,53.6,50.44,45.31,44.12,38.24,33.2,0.3
A Cañiza,Oroso (Santa María),3600906.0,131.706,63.651,57.7,48.77,46.666,36.926,28.968,0.038,48.33,43.81,37.03,35.43,28.04,21.99,0.03
Moraña,Saiáns (San Salvador),3603209.0,127.234,63.777,54.927,47.842,46.47,40.094,35.118,0.825,50.13,43.17,37.6,36.52,31.51,27.6,0.65
Cotobade,Tenorio (San Pedro),3690218.0,85.044,54.192,51.359,47.31,46.353,41.511,36.9,0.554,63.72,60.39,55.63,54.51,48.81,43.39,0.65
A Cañiza,O Couto (San Bartolomeu),3600903.0,103.21,59.641,54.649,47.666,46.157,38.938,33.22,1.148,57.79,52.95,46.18,44.72,37.73,32.19,1.11
A Cañiza,As Achas (San Sebastián),3600901.0,137.711,62.07,56.594,47.95,45.913,36.569,29.318,0.255,45.07,41.1,34.82,33.34,26.56,21.29,0.19
Moaña,Domaio (San Pedro),3602901.0,106.666,60.636,54.499,46.708,45.198,38.719,34.214,1.404,56.85,51.09,43.79,42.37,36.3,32.08,1.32
A Cañiza,Petán (San Xián),3600908.0,123.143,61.51,56.466,47.225,45.186,36.151,29.382,0.236,49.95,45.85,38.35,36.69,29.36,23.86,0.19
Cotobade,Aguasantas (Santa María),3690201.0,77.431,52.34,49.692,45.973,45.083,39.955,35.211,0.701,67.6,64.18,59.37,58.22,51.6,45.47,0.91
Cangas,Aldán (San Cibrán),3600801.0,122.267,65.279,56.612,46.549,44.699,36.863,31.24,0.965,53.39,46.3,38.07,36.56,30.15,25.55,0.79
Mos,Cela (San Pedro),3603301.0,141.51,66.321,56.602,46.497,44.405,35.179,28.859,1.8,46.87,40.0,32.86,31.38,24.86,20.39,1.27
A Lama,Seixido (San Bartolomeu),3602510.0,85.569,59.049,54.727,46.316,44.321,34.768,27.787,0.176,69.01,63.96,54.13,51.8,40.63,32.47,0.21
Cangas,Coiro (San Salvador),3600803.0,150.68,72.54,60.895,46.876,44.283,34.209,27.0,0.595,48.14,40.41,31.11,29.39,22.7,17.92,0.39
Mos,Tameiga (San Martiño),3603309.0,119.019,62.229,54.906,46.017,44.132,35.903,30.171,1.558,52.28,46.13,38.66,37.08,30.17,25.35,1.31
Ponteareas,Cristiñade (San Salvador),3604207.0,91.344,57.103,51.489,45.194,44.017,38.987,35.333,1.101,62.51,56.37,49.48,48.19,42.68,38.68,1.21
Tomiño,Barrantes (San Vicente),3605402.0,109.949,55.15,50.681,44.871,43.636,37.819,33.65,1.942,50.16,46.09,40.81,39.69,34.4,30.61,1.77
Portas,Portas (Santa María),3604003.0,144.392,76.843,53.329,45.216,43.625,36.574,31.82,0.958,53.22,36.93,31.32,30.21,25.33,22.04,0.66
Crecente,Crecente (San Pedro),3601404.0,77.113,54.983,49.348,44.511,43.499,38.947,35.28,1.141,71.3,63.99,57.72,56.41,50.51,45.75,1.48
Salceda de Caselas,Entenza (Santos Xusto e Pastor),3604902.0,96.616,60.129,50.881,44.539,43.386,38.337,34.705,2.27,62.24,52.66,46.1,44.91,39.68,35.92,2.35
Salceda de Caselas,Santo Estevo de Budiño (Santo Estevo),3604901.0,85.152,54.235,49.566,43.494,42.27,36.652,32.258,0.972,63.69,58.21,51.08,49.64,43.04,37.88,1.14
Salvaterra de Miño,Alxén (San Paio),3605001.0,94.018,55.432,47.063,42.767,41.938,38.095,35.209,3.38,58.96,50.06,45.49,44.61,40.52,37.45,3.6
Moraña,Santa Xusta de Moraña (Santa Xusta),3603207.0,96.115,52.453,47.366,42.455,41.336,35.787,31.05,1.044,54.57,49.28,44.17,43.01,37.23,32.3,1.09
Mondariz,Toutón (San Mateo),3603010.0,88.776,51.871,47.344,42.208,41.086,35.826,31.805,0.646,58.43,53.33,47.54,46.28,40.35,35.83,0.73
Salceda de Caselas,Santa María de Salceda (Santa María),3604906.0,116.824,61.576,52.124,42.784,41.015,33.846,29.528,2.072,52.71,44.62,36.62,35.11,28.97,25.28,1.77
O Porriño,Torneiros (San Salvador),3603908.0,90.737,51.368,46.527,41.757,40.818,36.666,33.356,2.503,56.61,51.28,46.02,44.99,40.41,36.76,2.76
Mondariz,Riofrío (San Miguel),3603008.0,89.853,54.266,49.009,42.221,40.794,34.807,30.407,0.257,60.39,54.54,46.99,45.4,38.74,33.84,0.29
Marín,San Tomé de Piñeiro (San Tomé),3602606.0,98.419,56.03,49.754,42.18,40.617,34.256,29.986,3.959,56.93,50.55,42.86,41.27,34.81,30.47,4.02
A Estrada,Berres (San Vicenzo),3601711.0,107.056,54.392,48.721,41.892,40.346,34.093,29.712,0.373,50.81,45.51,39.13,37.69,31.85,27.75,0.35
Moaña,Moaña (Virxe do Carme),3602904.0,96.021,56.249,49.463,41.775,40.179,33.154,27.877,1.326,58.58,51.51,43.51,41.84,34.53,29.03,1.38
Redondela,O Viso (Santa María),3604513.0,154.916,67.5,54.522,41.886,39.801,31.142,25.638,0.449,43.57,35.19,27.04,25.69,20.1,16.55,0.29
Ponteareas,Xinzo (Santa Mariña),3604211.0,102.349,57.199,48.269,40.854,39.499,33.882,30.013,1.315,55.89,47.16,39.92,38.59,33.1,29.32,1.28
Redondela,Chapela (San Fausto),3604504.0,95.343,58.114,50.418,40.936,39.212,31.217,25.508,0.325,60.95,52.88,42.94,41.13,32.74,26.75,0.34
Valga,Valga (San Miguel),3605604.0,109.211,52.906,46.383,40.332,39.01,32.383,27.214,0.289,48.44,42.47,36.93,35.72,29.65,24.92,0.26
Ponteareas,San Mateo de Oliveira (San Mateo),3604217.0,105.416,58.071,49.557,40.457,38.774,32.604,28.394,0.177,55.09,47.01,38.38,36.78,30.93,26.93,0.17
Cotobade,Sacos (San Xurxo),3690216.0,81.334,49.39,45.757,39.991,38.623,32.584,28.238,0.427,60.73,56.26,49.17,47.49,40.06,34.72,0.52
O Porriño,Mosende (San Xurxo),3603905.0,80.976,49.937,44.357,39.412,38.603,34.89,32.005,3.104,61.67,54.78,48.67,47.67,43.09,39.52,3.83
Meis,Paradela (Santa María),3602808.0,96.898,57.575,45.234,39.692,38.587,33.312,29.355,1.318,59.42,46.68,40.96,39.82,34.38,30.29,1.36
A Estrada,Codeseda (San Xurxo),3601715.0,128.001,52.341,47.754,40.134,38.581,31.522,26.592,0.067,40.89,37.31,31.35,30.14,24.63,20.77,0.05
Cerdedo,Cerdedo (San Xoán),3690207.0,98.311,48.24,45.314,39.834,38.522,32.26,27.004,0.215,49.07,46.09,40.52,39.18,32.81,27.47,0.22
Marín,Marín (San Xián),3602603.0,121.817,58.524,49.588,40.085,38.426,31.6,27.35,1.733,48.04,40.71,32.91,31.54,25.94,22.45,1.42
Caldas de Reis,Saiar (Santo Estevo),3600508.0,139.95,58.883,47.477,39.807,38.304,31.586,26.698,0.232,42.07,33.92,28.44,27.37,22.57,19.08,0.17
Tomiño,Goián (San Cristovo),3605407.0,93.458,54.804,44.545,39.23,38.289,33.932,30.266,0.316,58.64,47.66,41.98,40.97,36.31,32.38,0.34
Gondomar,Mañufe (San Vicente),3602106.0,120.639,55.043,47.446,39.36,37.869,31.302,26.689,1.021,45.63,39.33,32.63,31.39,25.95,22.12,0.85
Lalín,Filgueira (Santa María),3602421.0,124.739,47.077,43.625,38.859,37.838,33.012,29.283,0.129,37.74,34.97,31.15,30.33,26.46,23.48,0.1
Crecente,Filgueira (San Pedro),3601405.0,49.472,42.339,40.799,38.434,37.832,34.604,31.835,0.889,85.58,82.47,77.69,76.47,69.95,64.35,1.8
Mos,Petelos (San Mamede),3603307.0,84.694,48.424,43.88,38.883,37.832,32.804,28.866,0.521,57.18,51.81,45.91,44.67,38.73,34.08,0.62
Lalín,Vilatuxe (San Lourenzo),3602447.0,135.493,46.898,43.574,38.69,37.676,32.622,28.271,0.049,34.61,32.16,28.55,27.81,24.08,20.87,0.04
Cotobade,Borela (San Martiño),3690203.0,68.403,44.361,42.248,38.515,37.673,33.023,28.746,0.079,64.85,61.76,56.31,55.07,48.28,42.02,0.12
Ponteareas,Arcos (San Breixo),3604202.0,70.019,46.339,42.426,38.293,37.493,33.487,30.007,0.174,66.18,60.59,54.69,53.55,47.83,42.86,0.25
Vilagarcía de Arousa,Sobrán (San Martiño de Fóra),3606009.0,168.037,73.192,52.14,39.35,37.336,29.028,24.241,0.555,43.56,31.03,23.42,22.22,17.27,14.43,0.33
Caldas de Reis,Santo André de Cesar (Santo André),3600505.0,93.845,51.548,44.197,38.556,37.304,31.322,26.954,0.628,54.93,47.1,41.08,39.75,33.38,28.72,0.67
A Lama,A Lama (San Salvador),3602509.0,80.917,46.439,43.278,38.271,37.108,30.812,26.304,0.162,57.39,53.49,47.3,45.86,38.08,32.51,0.2
A Estrada,San Miguel de Castro (San Miguel),3601713.0,99.581,49.846,44.302,38.111,36.843,31.142,27.038,0.345,50.06,44.49,38.27,37.0,31.27,27.15,0.35
Redondela,Cesantes (San Pedro),3604503.0,164.911,66.082,52.495,39.019,36.755,27.803,22.396,0.369,40.07,31.83,23.66,22.29,16.86,13.58,0.22
Salvaterra de Miño,Cabreira (San Miguel),3605003.0,77.486,48.832,42.878,37.368,36.403,32.202,29.073,2.463,63.02,55.34,48.22,46.98,41.56,37.52,3.18
Ponteareas,Guillade (San Miguel),3604212.0,98.845,52.987,45.803,37.86,36.398,30.405,26.36,0.66,53.61,46.34,38.3,36.82,30.76,26.67,0.67
Marín,Ardán (Santa María),3602601.0,103.206,52.787,45.574,37.86,36.323,29.786,25.035,1.682,51.15,44.16,36.68,35.19,28.86,24.26,1.63
A Estrada,Matalobos (Santa Baia),3601726.0,116.29,50.794,45.433,37.714,36.283,29.93,25.679,0.259,43.68,39.07,32.43,31.2,25.74,22.08,0.22
As Neves,Taboexa (Santa María),3603411.0,98.596,55.633,45.517,37.659,36.12,29.998,25.306,0.81,56.42,46.17,38.2,36.63,30.42,25.67,0.82
Fornelos de Montes,Fornelos de Montes (San Lourenzo),3601903.0,83.808,44.853,41.759,36.986,35.941,30.883,26.759,0.566,53.52,49.83,44.13,42.88,36.85,31.93,0.68
Lalín,Catasós (Santiago),3602414.0,131.452,47.609,43.063,37.075,35.846,30.057,25.624,0.004,36.22,32.76,28.2,27.27,22.87,19.49,0.0
Covelo,Santiago de Covelo (Santiago),3601305.0,63.557,42.917,40.487,36.651,35.843,31.841,28.346,0.53,67.52,63.7,57.67,56.39,50.1,44.6,0.83
Ponte Caldelas,Tourón (Santa María),3604309.0,124.274,50.563,44.352,36.849,35.354,27.957,22.397,0.281,40.69,35.69,29.65,28.45,22.5,18.02,0.23
Redondela,Reboreda (Santa María),3604507.0,167.225,67.305,51.77,37.514,35.25,26.212,21.138,0.908,40.25,30.96,22.43,21.08,15.67,12.64,0.54
Covelo,Covelo (Santa Mariña),3601304.0,65.216,42.313,39.789,36.047,35.172,30.942,27.434,0.729,64.88,61.01,55.27,53.93,47.45,42.07,1.12
Salvaterra de Miño,Lira (San Simón),3605008.0,68.698,44.908,40.254,36.017,35.147,31.252,28.122,0.435,65.37,58.6,52.43,51.16,45.49,40.94,0.63
Lalín,Donramiro (Santa María),3602419.0,99.687,45.776,41.109,36.102,35.144,30.731,27.519,0.0,45.92,41.24,36.22,35.25,30.83,27.61,0.0
Salceda de Caselas,Parderrubias (San Tomé),3604903.0,101.106,50.827,43.165,36.251,34.932,29.56,26.131,2.012,50.27,42.69,35.85,34.55,29.24,25.85,1.99
Valga,Xanza (Santa María),3605605.0,118.099,52.807,42.136,35.787,34.554,28.9,25.051,0.506,44.71,35.68,30.3,29.26,24.47,21.21,0.43
A Estrada,Guimarei (San Xiao),3601721.0,132.814,49.934,43.574,35.785,34.409,28.922,25.583,0.982,37.6,32.81,26.94,25.91,21.78,19.26,0.74
Salceda de Caselas,Soutelo (San Vicente),3604907.0,70.253,43.801,38.773,35.002,34.29,31.173,29.049,2.057,62.35,55.19,49.82,48.81,44.37,41.35,2.93
Gondomar,Vincios (Santa Mariña),3602110.0,106.848,50.577,43.802,35.601,34.155,27.902,23.745,0.828,47.34,40.99,33.32,31.97,26.11,22.22,0.77
Portas,Romai (San Xián),3604004.0,131.614,59.364,43.382,35.438,33.922,27.22,22.315,0.315,45.1,32.96,26.93,25.77,20.68,16.95,0.24
Ponteareas,Pías (Santa Mariña),3604221.0,99.915,48.924,42.561,35.466,33.903,27.405,22.713,0.276,48.97,42.6,35.5,33.93,27.43,22.73,0.28
Salvaterra de Miño,Oleiros (Santa María),3605011.0,57.687,40.475,37.221,34.35,33.767,30.884,28.402,1.5,70.16,64.52,59.54,58.53,53.54,49.24,2.6
Catoira,Dimo (San Pedro),3601003.0,107.494,49.017,41.512,35.046,33.678,27.012,21.85,0.101,45.6,38.62,32.6,31.33,25.13,20.33,0.09
A Estrada,A Estrada (San Paio),3601719.0,99.664,45.505,40.866,34.918,33.666,27.895,24.039,0.644,45.66,41.0,35.04,33.78,27.99,24.12,0.65
Mos,Sanguiñeda (Santa María),3603308.0,84.508,44.658,39.68,34.607,33.661,28.983,25.547,0.472,52.84,46.95,40.95,39.83,34.3,30.23,0.56
Caldas de Reis,Bemil (Santa María),3600509.0,128.288,54.251,44.305,35.314,33.655,26.436,21.853,1.053,42.29,34.54,27.53,26.23,20.61,17.03,0.82
Vilaboa,Santa Cristina de Cobres (Santa Cristina),3605803.0,82.704,46.17,41.227,34.898,33.64,28.118,24.187,0.882,55.82,49.85,42.2,40.67,34.0,29.24,1.07
Crecente,Rebordechán (Santa María),3601408.0,48.428,37.8,36.431,34.085,33.548,30.605,27.916,0.753,78.05,75.23,70.38,69.27,63.2,57.64,1.56
Salvaterra de Miño,Meder (Santo Adrián),3605010.0,114.792,62.676,43.053,35.018,33.518,27.546,23.407,0.49,54.6,37.51,30.51,29.2,24.0,20.39,0.43
Redondela,Vilar de Infesta (San Martiño),3604512.0,106.026,52.485,43.969,35.004,33.362,26.015,21.418,1.451,49.5,41.47,33.01,31.47,24.54,20.2,1.37
Tui,Pexegueiro (San Miguel),3605508.0,89.352,45.378,39.073,34.129,33.207,29.295,26.416,1.273,50.79,43.73,38.2,37.16,32.79,29.56,1.42
A Guarda,Camposancos (Santa Isabel),3602301.0,91.939,47.366,41.846,34.411,32.99,26.378,21.812,0.492,51.52,45.52,37.43,35.88,28.69,23.72,0.54
Barro,Barro (San Breixo),3600202.0,71.683,45.181,37.523,33.749,32.985,29.339,26.264,1.054,63.03,52.35,47.08,46.01,40.93,36.64,1.47
Ponteareas,Nogueira (San Salvador),3604215.0,65.541,42.066,37.598,33.425,32.641,29.266,26.738,0.94,64.18,57.37,51.0,49.8,44.65,40.8,1.43
A Estrada,Ouzande (San Lourenzo),3601732.0,93.79,43.833,39.268,33.499,32.51,27.92,24.652,0.617,46.74,41.87,35.72,34.66,29.77,26.28,0.66
Ponteareas,Oliveira (Santiago),3604218.0,71.274,42.026,37.638,33.114,32.265,28.295,25.246,0.525,58.96,52.81,46.46,45.27,39.7,35.42,0.74
Vilagarcía de Arousa,Bamio (San Xens),3606002.0,107.124,52.01,43.037,33.938,32.148,24.917,20.503,0.162,48.55,40.17,31.68,30.01,23.26,19.14,0.15
Arbo,Arbo (Santa María),3600101.0,143.409,80.041,45.291,33.971,31.863,23.961,19.662,0.425,55.81,31.58,23.69,22.22,16.71,13.71,0.3
A Guarda,Salcidos (San Lourenzo),3602303.0,119.692,46.686,40.456,33.071,31.765,25.924,21.847,0.59,39.01,33.8,27.63,26.54,21.66,18.25,0.49
Caldas de Reis,Godos (Santa María),3600507.0,111.06,48.962,40.387,33.271,31.74,24.666,19.984,0.583,44.09,36.36,29.96,28.58,22.21,17.99,0.52
Ponte Caldelas,A Insua (Santa Mariña),3604305.0,114.709,50.473,43.034,33.415,31.665,25.2,21.052,0.112,44.0,37.52,29.13,27.6,21.97,18.35,0.1
Forcarei,Millarada (San Amedio),3601807.0,95.381,39.119,36.637,32.518,31.568,26.443,22.001,0.016,41.01,38.41,34.09,33.1,27.72,23.07,0.02
Crecente,Ribeira (Santa Mariña),3601409.0,58.441,40.231,36.435,32.24,31.356,27.44,24.393,0.275,68.84,62.34,55.17,53.65,46.95,41.74,0.47
Ponteareas,Ponteareas (San Miguel),3604223.0,91.011,45.09,38.481,32.511,31.351,26.255,22.807,0.321,49.54,42.28,35.72,34.45,28.85,25.06,0.35
Mondariz,Gargamala (Santa María),3603002.0,76.324,41.639,37.556,32.332,31.144,25.552,20.988,0.062,54.56,49.21,42.36,40.81,33.48,27.5,0.08
A Estrada,Arnois (San Xiao),3601706.0,94.776,44.039,37.641,32.198,31.144,26.427,23.089,0.069,46.47,39.72,33.97,32.86,27.88,24.36,0.07
Cuntis,Troáns (Santa María),3601508.0,120.558,49.28,39.786,32.382,31.095,25.334,21.189,0.345,40.88,33.0,26.86,25.79,21.01,17.58,0.29
Vilaboa,Cobres (Santo Adrán),3605802.0,91.692,45.036,38.938,32.301,31.027,25.813,22.304,1.988,49.12,42.47,35.23,33.84,28.15,24.32,2.17
Campo Lameiro,O Campo (San Miguel),3600701.0,79.006,43.028,37.419,31.97,30.925,26.291,22.908,0.487,54.46,47.36,40.47,39.14,33.28,29.0,0.62
Lalín,Soutolongo (Santa María),3602443.0,89.465,38.093,34.376,31.542,30.856,27.811,25.323,0.012,42.58,38.42,35.26,34.49,31.09,28.3,0.01
Mondariz,Mouriscados (San Cibrán),3603006.0,65.141,39.571,36.417,31.765,30.764,26.027,22.457,1.069,60.75,55.9,48.76,47.23,39.95,34.47,1.64
Lalín,Goiás (San Miguel),3602424.0,140.754,41.452,37.462,31.805,30.72,25.499,21.547,0.0,29.45,26.62,22.6,21.83,18.12,15.31,0.0
Redondela,Saxamonde (San Román),3604509.0,89.966,48.438,40.306,32.244,30.658,24.012,20.032,0.937,53.84,44.8,35.84,34.08,26.69,22.27,1.04
Campo Lameiro,Fragas (Santa Mariña),3600703.0,97.475,47.356,38.591,31.871,30.63,25.213,21.581,0.835,48.58,39.59,32.7,31.42,25.87,22.14,0.86
Covelo,Maceira (San Salvador),3601310.0,77.649,39.988,36.806,31.771,30.618,25.292,20.957,0.111,51.5,47.4,40.92,39.43,32.57,26.99,0.14
Ponteareas,Fozara (San Bartolomeu),3604210.0,73.07,40.625,35.922,31.467,30.525,26.499,23.558,0.234,55.6,49.16,43.06,41.77,36.26,32.24,0.32
Mondariz,Vilasobroso (San Martiño),3603012.0,53.062,36.719,34.299,31.15,30.484,27.202,24.545,1.011,69.2,64.64,58.7,57.45,51.26,46.26,1.91
A Lama,Gaxate (San Pedro),3602506.0,43.234,33.382,32.378,30.703,30.32,28.302,26.317,1.426,77.21,74.89,71.02,70.13,65.46,60.87,3.3
A Lama,Covelo (San Sebastián),3602504.0,66.67,37.779,35.754,31.361,30.282,24.802,20.278,0.066,56.67,53.63,47.04,45.42,37.2,30.42,0.1
Sanxenxo,Dorrón (San Xoán),3605104.0,94.553,46.088,39.078,31.532,30.098,24.486,20.783,0.822,48.74,41.33,33.35,31.83,25.9,21.98,0.87
Tui,Guillarei (San Mamede),3605504.0,98.978,45.348,38.14,30.948,29.658,24.178,20.799,1.256,45.82,38.53,31.27,29.96,24.43,21.01,1.27
Silleda,Manduas (San Tirso),3605216.0,129.933,42.114,37.925,30.895,29.5,23.767,20.191,0.122,32.41,29.19,23.78,22.7,18.29,15.54,0.09
Meis,Nogueira (San Vicente),3602805.0,83.548,45.13,33.431,30.049,29.395,26.25,23.924,1.019,54.02,40.01,35.97,35.18,31.42,28.64,1.22
Salvaterra de Miño,Arantei (San Pedro),3605002.0,71.752,45.794,33.474,29.968,29.305,26.484,24.496,0.864,63.82,46.65,41.77,40.84,36.91,34.14,1.2
Barro,Perdecanai (Santa María),3600204.0,69.754,39.823,33.592,29.919,29.188,25.652,22.802,1.199,57.09,48.16,42.89,41.84,36.78,32.69,1.72
Vilagarcía de Arousa,Cea (San Pedro),3606004.0,111.355,49.127,38.916,30.438,29.016,23.028,18.951,0.313,44.12,34.95,27.33,26.06,20.68,17.02,0.28
Redondela,Trasmañó (San Vicente),3604510.0,84.542,47.352,40.04,30.603,28.857,21.946,17.554,0.25,56.01,47.36,36.2,34.13,25.96,20.76,0.3
Moraña,Rebón (San Pedro),3603208.0,86.44,41.746,34.746,29.739,28.73,24.079,20.763,0.335,48.29,40.2,34.4,33.24,27.86,24.02,0.39
Mondariz,Vilar (San Mamede),3603011.0,57.269,36.688,33.656,29.456,28.61,25.312,22.63,0.122,64.06,58.77,51.44,49.96,44.2,39.52,0.21
Mondariz,Frades (San Martiño),3603001.0,55.66,35.587,32.687,29.075,28.279,24.564,21.745,0.467,63.94,58.73,52.24,50.81,44.13,39.07,0.84
Nigrán,Nigrán (San Fiz),3603503.0,89.548,43.115,37.052,29.58,28.212,22.399,18.367,0.236,48.15,41.38,33.03,31.5,25.01,20.51,0.26
Meis,Meis (San Salvador),3602803.0,88.656,48.334,33.195,28.887,28.014,23.733,20.161,0.516,54.52,37.44,32.58,31.6,26.77,22.74,0.58
Tui,Rebordáns (San Bartolomeu),3605510.0,71.844,39.755,34.278,28.817,27.775,23.27,20.221,0.765,55.33,47.71,40.11,38.66,32.39,28.15,1.06
O Porriño,Cans (Santo Estevo),3603903.0,45.61,31.998,30.206,27.956,27.537,25.536,23.779,2.406,70.16,66.23,61.29,60.37,55.99,52.14,5.28
Vilagarcía de Arousa,Rubiáns (Santa María),3606007.0,90.583,45.77,34.772,28.351,27.059,21.315,17.471,0.839,50.53,38.39,31.3,29.87,23.53,19.29,0.93
A Lama,Xesta (San Bartolomeu),3602508.0,70.273,35.708,32.784,28.065,27.034,22.021,17.456,0.031,50.81,46.65,39.94,38.47,31.34,24.84,0.04
A Lama,Antas (Santiago),3602501.0,43.485,31.42,29.891,27.524,26.958,24.112,21.669,0.61,72.25,68.74,63.29,61.99,55.45,49.83,1.4
A Estrada,Moreira (San Miguel),3601727.0,106.101,39.07,34.002,28.009,26.833,22.122,19.166,0.141,36.82,32.05,26.4,25.29,20.85,18.06,0.13
Tui,Randufe (Santa María da Guía),3605509.0,88.898,41.135,34.079,27.92,26.804,22.056,19.139,1.008,46.27,38.33,31.41,30.15,24.81,21.53,1.13
Sanxenxo,Nantes (Santa Baia),3605106.0,99.5,50.61,33.058,27.703,26.724,22.116,18.631,0.606,50.86,33.22,27.84,26.86,22.23,18.72,0.61
Moaña,Moaña (San Martiño),3602903.0,68.355,38.977,33.832,27.867,26.632,21.146,17.28,0.519,57.02,49.49,40.77,38.96,30.94,25.28,0.76
Salvaterra de Miño,Fiolledo (San Paio),3605005.0,44.531,32.118,29.961,27.153,26.558,24.09,22.105,0.733,72.12,67.28,60.98,59.64,54.1,49.64,1.65
Lalín,A Xesta (San Fiz),3602423.0,69.753,30.969,29.358,26.923,26.319,23.524,21.014,0.022,44.4,42.09,38.6,37.73,33.72,30.13,0.03
A Lama,A Barcia do Seixo (Santa Ana),3602502.0,76.156,36.191,33.435,27.657,26.28,20.458,15.957,0.013,47.52,43.9,36.32,34.51,26.86,20.95,0.02
Cambados,Castrelo (Santa Cruz),3600602.0,225.229,134.332,39.456,27.744,26.169,19.826,16.585,0.217,59.64,17.52,12.32,11.62,8.8,7.36,0.1
Crecente,Vilar (San Xorxe),3601411.0,66.483,43.778,31.054,26.833,26.127,23.103,20.883,0.871,65.85,46.71,40.36,39.3,34.75,31.41,1.31
Meaño,Dena (Santa Eulalia),3602702.0,172.554,89.602,37.538,27.499,25.978,19.71,16.038,0.307,51.93,21.75,15.94,15.05,11.42,9.29,0.18
Lalín,Bermés (Santa María),3602407.0,89.98,30.462,29.188,26.39,25.657,22.029,19.149,0.048,33.85,32.44,29.33,28.51,24.48,21.28,0.05
Cotobade,Sacos (Santa María),3690217.0,52.259,30.439,28.726,26.187,25.618,22.808,20.29,0.137,58.25,54.97,50.11,49.02,43.64,38.82,0.26
Tui,Malvas (Santiago),3605505.0,69.044,35.761,31.529,26.577,25.559,21.352,18.412,0.634,51.79,45.66,38.49,37.02,30.92,26.67,0.92
Caldas de Reis,San Clemente de Cesar (San Clemente),3600506.0,97.804,37.773,30.652,26.361,25.538,21.821,18.915,0.481,38.62,31.34,26.95,26.11,22.31,19.34,0.49
Tomiño,Sobrada (San Salvador),3605410.0,45.674,30.981,28.538,26.068,25.534,23.275,21.823,1.556,67.83,62.48,57.07,55.9,50.96,47.78,3.41
Gondomar,Vilaza (Santa María),3602109.0,69.766,37.982,32.672,26.645,25.531,20.716,17.383,0.54,54.44,46.83,38.19,36.6,29.69,24.92,0.77
Cotobade,Carballedo (San Miguel),3690204.0,60.33,29.913,28.377,26.051,25.525,22.879,20.603,0.186,49.58,47.04,43.18,42.31,37.92,34.15,0.31
Poio,Poio (San Salvador),3604103.0,81.063,37.448,32.175,26.532,25.442,20.371,16.875,0.159,46.2,39.69,32.73,31.39,25.13,20.82,0.2
A Lama,Verducido (San Martiño),3602503.0,46.403,29.947,28.458,26.04,25.434,22.204,19.377,0.2,64.54,61.33,56.12,54.81,47.85,41.76,0.43
Vilanova de Arousa,Tremoedo (Santo Estevo),3606106.0,138.457,66.233,34.404,26.563,25.367,20.514,17.313,0.176,47.84,24.85,19.19,18.32,14.82,12.5,0.13
A Cañiza,Luneda (Santa María),3600905.0,63.772,33.596,30.218,26.066,25.198,21.296,18.264,0.497,52.68,47.38,40.87,39.51,33.39,28.64,0.78
Gondomar,Borreiros (San Martiño),3602101.0,73.482,36.426,32.145,26.183,25.032,19.944,16.44,0.287,49.57,43.75,35.63,34.07,27.14,22.37,0.39
Lalín,Bendoiro (San Miguel),3602406.0,71.761,32.086,29.612,25.572,24.708,21.153,18.575,0.018,44.71,41.27,35.63,34.43,29.48,25.88,0.03
A Estrada,Callobre (San Martiño),3601712.0,123.373,38.47,32.699,25.953,24.69,19.661,16.759,0.199,31.18,26.5,21.04,20.01,15.94,13.58,0.16
Sanxenxo,Padriñán (San Xenxo),3605108.0,84.139,42.819,32.042,25.891,24.609,19.783,16.931,0.231,50.89,38.08,30.77,29.25,23.51,20.12,0.28
Forcarei,A Madanela de Montes (Santa María Madanela),3601805.0,57.736,31.994,29.869,25.591,24.593,19.665,15.794,0.025,55.41,51.73,44.32,42.6,34.06,27.35,0.04
Cotobade,Loureiro (Santiago),3690211.0,40.427,28.36,27.275,25.14,24.577,21.604,19.074,0.23,70.15,67.47,62.19,60.79,53.44,47.18,0.57
Silleda,Escuadro (San Salvador),3605211.0,124.519,33.62,30.951,25.663,24.541,20.12,16.809,0.169,27.0,24.86,20.61,19.71,16.16,13.5,0.14
Gondomar,Donas (Santa Baia),3602104.0,79.696,36.354,31.495,25.586,24.538,19.575,16.374,0.511,45.62,39.52,32.1,30.79,24.56,20.54,0.64
Meaño,Xil (Santa Eulalia),3602707.0,104.381,58.54,30.586,25.409,24.527,20.858,18.404,1.161,56.08,29.3,24.34,23.5,19.98,17.63,1.11
A Estrada,Oca (Santo Estevo),3601729.0,80.756,35.046,30.461,25.436,24.447,20.125,17.109,0.069,43.4,37.72,31.5,30.27,24.92,21.19,0.09
Ponteareas,Celeiros (San Fins),3604206.0,58.331,34.301,29.678,25.234,24.339,20.778,18.268,0.294,58.8,50.88,43.26,41.73,35.62,31.32,0.5
Mos,Pereiras (San Miguel),3603306.0,71.782,35.456,29.569,24.979,24.12,20.002,17.333,1.72,49.39,41.19,34.8,33.6,27.87,24.15,2.4
A Estrada,Vinseiro (Santa Cristina),3601751.0,72.192,31.218,28.286,24.666,23.872,20.34,17.736,0.393,43.24,39.18,34.17,33.07,28.18,24.57,0.54
A Estrada,San Xurxo de Vea (San Xurxo),3601748.0,100.724,36.983,30.839,24.956,23.832,19.228,16.09,0.164,36.72,30.62,24.78,23.66,19.09,15.97,0.16
Lalín,O Cello (San Martiño),3602415.0,102.568,29.544,27.683,24.564,23.815,20.394,17.771,0.0,28.8,26.99,23.95,23.22,19.88,17.33,0.0
As Neves,San Xosé de Ribarteme (San Xosé),3603407.0,65.768,38.265,31.356,24.912,23.743,19.549,16.626,0.361,58.18,47.68,37.88,36.1,29.72,25.28,0.55
A Estrada,Ribeira (Santa Mariña),3601737.0,74.76,34.731,29.009,24.488,23.674,20.335,18.028,0.063,46.46,38.8,32.76,31.67,27.2,24.11,0.08
Catoira,Abalo (San Mamede),3601001.0,65.943,32.013,28.715,24.299,23.381,19.277,16.294,0.143,48.55,43.54,36.85,35.46,29.23,24.71,0.22
Redondela,Quintela (San Mamede),3604506.0,99.126,45.033,35.66,25.072,23.172,16.264,12.426,0.289,45.43,35.97,25.29,23.38,16.41,12.54,0.29
Nigrán,Camos (Santa Baia),3603501.0,79.079,37.258,31.52,24.439,23.117,17.739,13.989,0.437,47.11,39.86,30.91,29.23,22.43,17.69,0.55
Sanxenxo,Vilalonga (San Pedro),3605109.0,137.208,45.126,30.566,24.28,23.091,17.88,14.328,0.332,32.89,22.28,17.7,16.83,13.03,10.44,0.24
Caldas de Reis,Arcos da Condesa (Santa Mariña),3600501.0,82.376,35.773,27.81,23.881,23.032,19.021,16.018,0.674,43.43,33.76,28.99,27.96,23.09,19.45,0.82
Cotobade,Rebordelo (San Martiño),3690215.0,43.299,27.942,26.157,23.477,22.929,20.241,17.467,0.028,64.53,60.41,54.22,52.95,46.75,40.34,0.06
Pazos de Borbén,Borbén (Santiago),3603702.0,51.522,29.392,26.688,23.46,22.747,19.528,16.898,0.36,57.05,51.8,45.53,44.15,37.9,32.8,0.7
Barro,Portela (San Mamede),3600205.0,73.073,33.386,27.481,23.439,22.541,19.072,16.762,1.343,45.69,37.61,32.08,30.85,26.1,22.94,1.84
Tui,Baldráns (Santiago),3605502.0,51.461,30.744,26.018,23.034,22.459,19.977,18.171,0.389,59.74,50.56,44.76,43.64,38.82,35.31,0.76
Mondariz,Meirol (Santo André),3603004.0,42.297,27.864,25.71,22.985,22.387,19.421,16.961,0.994,65.88,60.78,54.34,52.93,45.92,40.1,2.35
Ponteareas,Bugarín (Santa Cristina),3604205.0,64.485,33.32,27.106,23.16,22.356,19.02,16.544,0.196,51.67,42.03,35.91,34.67,29.5,25.66,0.3
Vilaboa,Santa Comba de Bértola (Santa Comba),3605801.0,66.598,30.66,26.813,23.031,22.298,19.163,16.909,1.022,46.04,40.26,34.58,33.48,28.77,25.39,1.53
Tomiño,San Salvador de Tebra (San Salvador),3605412.0,38.829,26.071,24.578,22.681,22.296,20.39,18.894,2.553,67.14,63.3,58.41,57.42,52.51,48.66,6.58
Vilagarcía de Arousa,Cornazo (San Pedro),3606005.0,71.548,35.959,29.468,23.39,22.28,17.465,14.329,0.976,50.26,41.19,32.69,31.14,24.41,20.03,1.36
A Lama,Escuadra (San Lourenzo),3602505.0,56.835,28.816,26.688,22.941,22.048,17.625,14.203,0.005,50.7,46.96,40.36,38.79,31.01,24.99,0.01
A Estrada,Curantes (San Miguel),3601718.0,66.756,28.087,26.187,22.759,21.997,18.269,15.156,0.093,42.07,39.23,34.09,32.95,27.37,22.7,0.14
Nigrán,Priegue (San Mamede),3603506.0,73.86,36.238,30.424,23.255,21.996,16.267,12.492,0.027,49.06,41.19,31.48,29.78,22.02,16.91,0.04
As Neves,Vide (Santa María),3603413.0,64.991,37.922,29.275,23.088,21.904,18.088,15.302,0.11,58.35,45.04,35.52,33.7,27.83,23.55,0.17
Salvaterra de Miño,Pesqueiras (Santa Mariña),3605012.0,47.375,30.244,26.351,22.633,21.882,18.641,16.115,0.567,63.84,55.62,47.77,46.19,39.35,34.02,1.2
Salvaterra de Miño,Soutolobre (Santa Comba),3605015.0,40.599,28.913,26.131,22.495,21.816,18.964,16.521,0.252,71.21,64.36,55.41,53.73,46.71,40.69,0.62
Vilanova de Arousa,Caleiro (Santa María),3606103.0,146.788,52.445,34.882,23.558,21.814,15.753,12.648,0.058,35.73,23.76,16.05,14.86,10.73,8.62,0.04
Cuntis,Piñeiro (San Mamede),3601506.0,80.356,32.438,27.69,22.601,21.71,18.0,15.31,0.155,40.37,34.46,28.13,27.02,22.4,19.05,0.19
Poio,Samieira (Santa María),3604105.0,56.006,29.982,26.388,22.47,21.686,18.406,16.14,0.324,53.53,47.12,40.12,38.72,32.86,28.82,0.58
Ponteareas,Angoares (San Pedro),3604201.0,46.556,28.49,25.482,22.333,21.665,18.953,17.051,0.174,61.2,54.73,47.97,46.53,40.71,36.62,0.37
Lalín,Losón (Santa Baia),3602430.0,95.671,29.491,26.718,22.472,21.649,17.771,15.012,0.014,30.83,27.93,23.49,22.63,18.58,15.69,0.01
A Estrada,Santeles (San Xoán),3601742.0,101.996,34.888,28.466,22.718,21.582,17.065,14.316,0.07,34.2,27.91,22.27,21.16,16.73,14.04,0.07
Lalín,Doade (San Pedro),3602418.0,61.755,25.414,24.133,21.967,21.483,19.082,17.111,0.002,41.15,39.08,35.57,34.79,30.9,27.71,0.0
Salvaterra de Miño,Corzáns (San Miguel),3605004.0,44.385,27.539,24.711,21.973,21.421,18.816,16.696,0.351,62.05,55.67,49.51,48.26,42.39,37.62,0.79
Covelo,Casteláns (Santo Estevo),3601303.0,43.512,26.876,24.884,21.853,21.242,18.442,16.253,0.071,61.77,57.19,50.22,48.82,42.38,37.35,0.16
Salvaterra de Miño,Uma (Santo André),3605016.0,42.468,26.639,24.418,21.704,21.096,18.212,16.087,1.029,62.73,57.5,51.11,49.67,42.88,37.88,2.42
A Estrada,Riobó (San Martiño),3601739.0,62.88,28.312,25.183,21.774,21.081,17.961,15.685,0.023,45.03,40.05,34.63,33.53,28.56,24.95,0.04
Redondela,Negros (Santo Estevo),3604505.0,67.534,34.704,28.591,22.111,20.984,16.297,13.352,0.936,51.39,42.34,32.74,31.07,24.13,19.77,1.39
Salvaterra de Miño,Vilacova (San Xoán),3605017.0,38.674,25.779,23.826,21.377,20.876,18.48,16.375,0.774,66.66,61.61,55.27,53.98,47.78,42.34,2.0
Tui,Caldelas de Tui (San Martiño),3605503.0,59.339,31.476,25.825,21.442,20.695,17.631,15.53,0.162,53.04,43.52,36.13,34.88,29.71,26.17,0.27
Gondomar,Peitieiros (San Miguel),3602108.0,71.137,33.56,28.274,21.862,20.692,15.626,12.426,0.306,47.18,39.75,30.73,29.09,21.97,17.47,0.43
A Lama,Xende (San Paulo),3602507.0,36.567,24.928,23.454,21.204,20.656,18.275,16.292,0.287,68.17,64.14,57.99,56.49,49.98,44.55,0.78
Mos,Guizán (Santa María),3603303.0,62.844,29.115,25.074,21.313,20.62,17.81,15.94,0.927,46.33,39.9,33.91,32.81,28.34,25.36,1.48
Vilaboa,Figueirido (Santo André),3605804.0,60.587,28.54,25.044,21.309,20.585,17.51,15.267,0.98,47.1,41.34,35.17,33.98,28.9,25.2,1.62
Pazos de Borbén,Nespereira (San Martiño),3603706.0,49.815,25.813,23.605,21.074,20.561,18.073,16.176,1.104,51.82,47.39,42.3,41.27,36.28,32.47,2.22
Meis,San Martiño de Meis (San Martiño),3602802.0,69.974,42.165,24.161,21.094,20.49,17.89,15.811,0.283,60.26,34.53,30.15,29.28,25.57,22.6,0.4
Tui,Areas (Santa Mariña),3605501.0,67.882,31.304,26.079,21.262,20.46,17.162,15.156,1.298,46.12,38.42,31.32,30.14,25.28,22.33,1.91
Gondomar,Morgadáns (Santiago),3602107.0,90.317,32.562,27.511,21.488,20.346,15.552,12.557,0.262,36.05,30.46,23.79,22.53,17.22,13.9,0.29
Barro,Agudelo (San Martiño),3600201.0,61.78,30.927,25.092,21.034,20.217,16.504,13.669,0.194,50.06,40.62,34.05,32.72,26.71,22.13,0.31
Moraña,Lamas (Santa Cruz),3603205.0,52.645,26.135,23.607,20.784,20.175,17.389,14.843,0.897,49.64,44.84,39.48,38.32,33.03,28.19,1.7
Vilanova de Arousa,Deiro (San Miguel),3606104.0,116.451,49.585,28.78,20.932,19.837,15.149,12.271,0.159,42.58,24.71,17.97,17.03,13.01,10.54,0.14
Silleda,Lamela (San Miguel),3605214.0,79.712,28.301,25.291,20.707,19.808,16.243,13.938,0.121,35.5,31.73,25.98,24.85,20.38,17.49,0.15
Cuntis,Arcos (San Breixo),3601501.0,85.293,30.997,26.102,20.751,19.782,15.995,13.636,0.283,36.34,30.6,24.33,23.19,18.75,15.99,0.33
Ponte Caldelas,Caritel (Santa María),3604303.0,51.61,27.309,24.628,20.63,19.771,16.062,13.336,0.021,52.91,47.72,39.97,38.31,31.12,25.84,0.04
Cotobade,Valongo (Santo André),3690220.0,34.664,22.144,21.436,20.049,19.696,17.548,15.445,0.251,63.88,61.84,57.84,56.82,50.62,44.56,0.72
Tomiño,Taborda (San Miguel),3605411.0,41.154,23.619,21.093,19.794,19.514,18.163,17.181,0.938,57.39,51.25,48.1,47.42,44.13,41.75,2.28
Vilagarcía de Arousa,O Carril (Santiago de Fóra),3606013.0,71.7,32.892,26.355,20.414,19.398,14.813,11.819,0.235,45.87,36.76,28.47,27.05,20.66,16.48,0.33
As Neves,Rubiós (San Xoán),3603409.0,65.426,36.181,26.603,20.351,19.341,15.754,13.334,0.138,55.3,40.66,31.11,29.56,24.08,20.38,0.21
Portas,Lantaño (San Pedro),3604002.0,75.784,39.932,24.522,20.079,19.329,15.947,13.62,0.426,52.69,32.36,26.49,25.51,21.04,17.97,0.56
Salceda de Caselas,A Picoña (San Martiño),3604904.0,44.601,26.487,23.19,19.886,19.328,16.897,15.175,1.715,59.39,51.99,44.59,43.34,37.89,34.02,3.84
As Neves,Setados (Santa Euxenia),3603410.0,48.364,29.304,24.321,19.782,19.048,16.208,13.667,0.007,60.59,50.29,40.9,39.38,33.51,28.26,0.01
Mondariz-Balneario,Mondariz-Balneario (Nosa Señora de Lurdes),3603101.0,39.189,25.3,22.951,19.795,19.037,15.687,13.7,0.265,64.56,58.57,50.51,48.58,40.03,34.96,0.68
Silleda,Cira (Santa Baia),3605207.0,61.896,26.086,22.897,19.577,19.029,16.685,14.815,0.971,42.14,36.99,31.63,30.74,26.96,23.94,1.57
Gondomar,Gondomar (San Bieito),3602105.0,67.147,30.898,25.771,20.048,19.004,14.688,11.896,0.336,46.02,38.38,29.86,28.3,21.87,17.72,0.5
Baiona,Belesar (San Lourenzo),3600305.0,65.849,28.396,24.758,19.925,18.979,14.965,12.189,0.384,43.12,37.6,30.26,28.82,22.73,18.51,0.58
Soutomaior,Arcade (Santiago),3605301.0,82.937,34.076,28.089,20.465,18.974,13.264,9.727,0.054,41.09,33.87,24.68,22.88,15.99,11.73,0.07
Gondomar,Chaín (Santa María),3602103.0,63.521,29.88,25.384,20.009,18.967,14.548,11.57,0.181,47.04,39.96,31.5,29.86,22.9,18.21,0.29
Tomiño,Tebra (Santa María),3605413.0,49.097,25.554,22.76,19.536,18.876,15.7,13.341,0.493,52.05,46.36,39.79,38.45,31.98,27.17,1.0
Ponte Caldelas,Anceu (Santo André),3604301.0,38.37,23.332,21.887,19.405,18.866,16.324,14.207,0.071,60.81,57.04,50.57,49.17,42.54,37.03,0.19
Cotobade,Almofrei (San Lourenzo),3690202.0,29.894,22.234,21.258,19.362,18.858,16.466,14.567,0.268,74.37,71.11,64.77,63.08,55.08,48.73,0.9
Lalín,Cercio (Santiago),3602416.0,72.047,22.44,21.22,19.204,18.787,16.822,15.256,0.049,31.15,29.45,26.65,26.08,23.35,21.17,0.07
A Estrada,Orazo (San Pedro),3601731.0,92.591,28.493,24.213,19.513,18.648,15.069,12.719,0.016,30.77,26.15,21.07,20.14,16.28,13.74,0.02
Nigrán,A Ramallosa (San Pedro),3603507.0,82.748,33.292,27.097,19.845,18.648,13.637,10.653,0.33,40.23,32.75,23.98,22.54,16.48,12.87,0.4
O Porriño,O Porriño (Santa María),3603907.0,33.93,25.35,22.932,19.244,18.615,16.211,14.647,0.768,74.71,67.59,56.72,54.86,47.78,43.17,2.26
Redondela,Cabeiro (San Xoán),3604501.0,56.262,28.409,24.34,19.475,18.545,14.578,11.909,0.331,50.49,43.26,34.61,32.96,25.91,21.17,0.59
Mos,Dornelas (Santa María),3603302.0,58.847,27.24,23.212,19.3,18.538,15.32,13.064,0.467,46.29,39.44,32.8,31.5,26.03,22.2,0.79
Ponteareas,Fontenla (San Mamede),3604209.0,44.856,25.112,22.0,19.034,18.464,16.193,14.739,0.215,55.98,49.05,42.43,41.16,36.1,32.86,0.48
Moraña,Laxe (San Martiño),3603204.0,58.036,26.598,22.742,19.137,18.36,14.971,12.48,0.368,45.83,39.19,32.97,31.64,25.8,21.5,0.63
Cotobade,Viascón (Santiago),3690221.0,41.444,24.123,21.948,19.059,18.358,14.904,12.778,0.138,58.21,52.96,45.99,44.29,35.96,30.83,0.33
Forcarei,Pardesoa (Santiago),3601808.0,36.923,21.255,20.358,18.688,18.281,16.187,14.303,0.151,57.57,55.14,50.61,49.51,43.84,38.74,0.41
A Estrada,Santa Cristina de Vea (Santa Cristina),3601750.0,81.756,29.825,24.178,19.185,18.271,14.509,12.25,0.005,36.48,29.57,23.47,22.35,17.75,14.98,0.01
Tui,Paramos (San Xoán),3605506.0,44.648,25.04,21.769,18.779,18.201,15.612,13.809,0.693,56.08,48.76,42.06,40.77,34.97,30.93,1.55
Lalín,Lebozán (Santiago),3602428.0,52.628,25.524,23.163,18.972,18.198,15.06,12.392,0.165,48.5,44.01,36.05,34.58,28.62,23.55,0.31
Lalín,Vilanova (San Xoán),3602446.0,58.699,23.0,21.527,18.839,18.153,15.305,13.062,0.003,39.18,36.67,32.09,30.93,26.07,22.25,0.0
Pontecesures,Pontecesures (San Xulián),3604401.0,64.841,29.152,22.995,18.899,18.113,14.571,11.865,0.009,44.96,35.46,29.15,27.94,22.47,18.3,0.01
Vilagarcía de Arousa,Arealonga (Santa Baia),3606001.0,78.271,33.55,26.271,19.198,18.06,12.929,9.752,0.026,42.86,33.56,24.53,23.07,16.52,12.46,0.03
Valga,Campaña (Santa Cristina),3605601.0,66.26,27.51,21.803,18.562,17.945,14.96,12.395,0.009,41.52,32.91,28.01,27.08,22.58,18.71,0.01
Salceda de Caselas,San Xurxo de Salceda (San Xurxo),3604905.0,40.649,25.636,22.46,18.592,17.832,14.781,12.696,0.512,63.07,55.25,45.74,43.87,36.36,31.23,1.26
Lalín,Donsión (Santa Baia),3602420.0,63.852,22.344,20.597,18.183,17.684,15.325,13.394,0.019,34.99,32.26,28.48,27.7,24.0,20.98,0.03
Poio,Combarro (San Roque),3604101.0,38.942,24.511,21.398,18.246,17.614,14.772,13.087,0.405,62.94,54.95,46.85,45.23,37.93,33.61,1.04
Catoira,Oeste (Santa Baia),3601004.0,51.4,23.733,20.905,18.149,17.497,13.869,11.154,0.041,46.17,40.67,35.31,34.04,26.98,21.7,0.08
As Neves,Tortoreos (Santiago),3603412.0,72.791,37.231,24.793,18.597,17.448,13.171,10.72,0.132,51.15,34.06,25.55,23.97,18.09,14.73,0.18
Ponteareas,Cumiar (Santo Estevo),3604208.0,38.313,23.251,20.722,17.99,17.442,15.199,13.552,0.219,60.69,54.09,46.96,45.53,39.67,35.37,0.57
Barro,Valiñas (Santo André),3600206.0,47.105,25.431,19.916,17.784,17.365,15.401,13.92,0.178,53.99,42.28,37.75,36.87,32.7,29.55,0.38
Tomiño,Amorín (San Xoán),3605401.0,45.392,24.843,20.714,18.065,17.271,14.657,12.901,0.38,54.73,45.63,39.8,38.05,32.29,28.42,0.84
Caldas de Reis,Caldas de Reis (Santa María),3600502.0,62.91,29.462,21.446,17.916,17.217,14.24,11.91,0.188,46.83,34.09,28.48,27.37,22.64,18.93,0.3
Meis,San Lourenzo de Nogueira (San Lourenzo),3602804.0,54.06,26.448,20.236,17.641,17.212,15.303,13.769,0.676,48.92,37.43,32.63,31.84,28.31,25.47,1.25
Sanxenxo,Gondar (San Tomé),3605105.0,75.402,37.734,22.124,17.94,17.202,13.969,11.619,0.074,50.04,29.34,23.79,22.81,18.53,15.41,0.1
Ribadumia,Lois (San Fins),3604605.0,76.798,36.386,22.756,18.045,17.167,13.308,10.761,0.189,47.38,29.63,23.5,22.35,17.33,14.01,0.25
Barro,Curro (Santa María),3600203.0,53.491,25.373,20.47,17.683,17.126,14.604,12.9,1.671,47.43,38.27,33.06,32.02,27.3,24.12,3.12
Ponteareas,Prado (San Nicolao),3604222.0,39.868,23.882,21.054,17.745,17.089,14.176,12.306,0.118,59.9,52.81,44.51,42.86,35.56,30.87,0.3
As Neves,Batalláns (Santa Eulalia),3603402.0,41.761,24.27,21.376,17.7,17.027,14.45,12.58,0.392,58.12,51.19,42.38,40.77,34.6,30.12,0.94
Covelo,Godóns (Santa María),3601307.0,52.698,24.841,22.287,17.958,16.99,13.027,10.179,0.016,47.14,42.29,34.08,32.24,24.72,19.32,0.03
Moaña,Tirán (San Xoán),3602905.0,53.928,27.438,23.125,17.86,16.932,12.885,10.219,0.197,50.88,42.88,33.12,31.4,23.89,18.95,0.37
Ponteareas,San Lourenzo de Oliveira (San Lourenzo),3604216.0,33.941,21.991,19.906,17.428,16.914,14.885,13.348,0.391,64.79,58.65,51.35,49.83,43.85,39.33,1.15
Crecente,Angudes (San Xoán),3601403.0,22.912,18.8,18.114,17.134,16.902,15.641,14.435,0.568,82.05,79.06,74.78,73.77,68.26,63.0,2.48
Crecente,A Ameixeira (San Bernabeu),3601402.0,36.542,22.05,20.481,17.559,16.895,13.535,10.83,0.065,60.34,56.05,48.05,46.24,37.04,29.64,0.18
As Neves,San Cibrán de Ribarteme (San Cibrán),3603406.0,46.32,24.315,20.34,17.409,16.846,14.57,12.971,0.056,52.49,43.91,37.58,36.37,31.45,28.0,0.12
Redondela,Redondela (Santiago),3604508.0,57.384,28.39,23.468,17.842,16.82,12.457,9.938,0.199,49.47,40.9,31.09,29.31,21.71,17.32,0.35
Tomiño,Piñeiro (San Salvador),3605409.0,38.813,21.255,19.006,17.137,16.798,15.193,13.877,1.22,54.76,48.97,44.15,43.28,39.14,35.75,3.14
Caldas de Reis,Carracedo (Santa Mariña),3600504.0,75.52,27.852,20.926,17.365,16.715,13.645,11.536,0.018,36.88,27.71,22.99,22.13,18.07,15.28,0.02
Tui,Pazos de Reis (O Sagrario),3605507.0,42.751,23.803,20.949,17.371,16.62,13.33,10.922,0.827,55.68,49.0,40.63,38.88,31.18,25.55,1.93
A Estrada,San Xiao de Vea (San Xiao),3601749.0,64.223,24.485,21.093,17.351,16.591,13.32,11.132,0.056,38.13,32.84,27.02,25.83,20.74,17.33,0.09
A Estrada,Rubín (Santa María),3601740.0,88.152,25.929,22.464,17.491,16.539,12.535,10.203,0.008,29.41,25.48,19.84,18.76,14.22,11.57,0.01
A Estrada,Loimil (Santa María),3601725.0,69.687,25.05,21.666,17.346,16.531,13.157,11.14,0.038,35.95,31.09,24.89,23.72,18.88,15.99,0.06
Fornelos de Montes,Ventín (San Miguel),3601907.0,43.845,21.373,19.542,17.042,16.528,14.192,12.193,0.042,48.75,44.57,38.87,37.7,32.37,27.81,0.1
Forcarei,Aciveiro (Santa María),3601801.0,62.195,21.67,19.973,17.21,16.523,12.725,9.583,0.002,34.84,32.11,27.67,26.57,20.46,15.41,0.0
Salvaterra de Miño,Porto (San Paulo),3605013.0,54.366,33.099,19.84,16.965,16.483,14.402,13.018,0.32,60.88,36.49,31.2,30.32,26.49,23.94,0.59
A Estrada,Tabeirós (Santiago),3601745.0,66.462,23.05,20.702,17.024,16.299,13.409,11.536,0.153,34.68,31.15,25.61,24.52,20.18,17.36,0.23
Forcarei,Ventoxo (San Nicolao),3601813.0,37.331,19.855,18.609,16.72,16.294,13.977,11.709,0.011,53.19,49.85,44.79,43.65,37.44,31.37,0.03
Crecente,O Freixo (San Roque),3601406.0,24.715,19.078,18.184,16.622,16.292,14.821,13.64,1.149,77.19,73.57,67.25,65.92,59.97,55.19,4.65
A Estrada,Nigoi (Santa María),3601728.0,53.027,21.945,20.095,16.923,16.224,13.262,11.357,0.127,41.39,37.9,31.91,30.6,25.01,21.42,0.24
Campo Lameiro,O Couso (San Cristovo),3600702.0,54.526,22.99,20.343,16.838,16.158,13.381,11.539,0.162,42.16,37.31,30.88,29.63,24.54,21.16,0.3
Lalín,Maceira (San Martiño),3602431.0,74.324,22.137,19.583,16.658,16.037,13.228,11.284,0.0,29.78,26.35,22.41,21.58,17.8,15.18,0.0
Silleda,Cortegada (Santa María),3605208.0,72.36,24.474,20.457,16.673,15.983,13.305,11.598,0.0,33.82,28.27,23.04,22.09,18.39,16.03,0.0
Lalín,Prado (San Martiño),3602439.0,47.481,19.844,18.523,16.428,15.969,13.904,12.308,0.017,41.79,39.01,34.6,33.63,29.28,25.92,0.04
Cerdedo,Folgoso (Santa María),3690210.0,41.319,20.504,18.881,16.444,15.852,12.996,10.604,0.014,49.62,45.7,39.8,38.36,31.45,25.66,0.03
Arbo,Cequeliños (San Miguel),3600104.0,48.078,26.486,20.53,16.473,15.693,12.726,10.903,0.062,55.09,42.7,34.26,32.64,26.47,22.68,0.13
Silleda,Siador (San Miguel),3605229.0,54.698,21.021,19.549,16.36,15.665,12.953,11.082,0.056,38.43,35.74,29.91,28.64,23.68,20.26,0.1
Baiona,Baredo (Santa María),3600302.0,55.107,22.315,19.571,16.3,15.648,12.702,10.66,0.111,40.49,35.51,29.58,28.4,23.05,19.35,0.2
Fornelos de Montes,As Estacas (Santa María),3601902.0,37.778,19.756,18.144,16.02,15.545,13.426,11.615,0.133,52.29,48.03,42.41,41.15,35.54,30.75,0.35
Cuntis,Cequeril (Santa María),3601502.0,47.597,23.696,20.599,16.403,15.536,11.767,9.195,0.031,49.78,43.28,34.46,32.64,24.72,19.32,0.07
Crecente,Quintela (San Caetano),3601407.0,33.483,21.578,18.998,16.041,15.456,12.986,11.242,0.159,64.44,56.74,47.91,46.16,38.78,33.57,0.48
Lalín,Xaxán (Santa María da Saleta),3602426.0,53.289,20.019,18.277,15.85,15.402,13.247,12.008,0.024,37.57,34.3,29.74,28.9,24.86,22.53,0.04
Meis,San Tomé de Nogueira (San Tomé),3602806.0,42.847,24.504,18.164,15.791,15.325,13.098,11.394,0.594,57.19,42.39,36.85,35.77,30.57,26.59,1.39
Moraña,Amil (San Mamede),3603201.0,64.177,24.058,19.172,15.932,15.29,12.421,10.42,0.35,37.49,29.87,24.83,23.82,19.35,16.24,0.55
Sanxenxo,Bordóns (San Pedro),3605103.0,53.46,24.358,19.128,15.902,15.29,12.717,10.814,0.978,45.56,35.78,29.75,28.6,23.79,20.23,1.83
A Estrada,Toedo (San Pedro),3601746.0,58.909,21.217,18.787,15.858,15.27,12.913,11.442,0.01,36.02,31.89,26.92,25.92,21.92,19.42,0.02
Baiona,Baíña (Santa Mariña),3600301.0,38.861,20.32,18.253,15.752,15.212,12.599,10.543,0.278,52.29,46.97,40.53,39.14,32.42,27.13,0.72
Tomiño,Estás (Santiago),3605404.0,34.068,19.854,17.409,15.539,15.149,13.147,11.351,0.304,58.28,51.1,45.61,44.47,38.59,33.32,0.89
Oia,Burgueira (San Pedro),3603601.0,60.627,20.219,18.312,15.699,15.098,12.326,10.328,0.34,33.35,30.2,25.89,24.9,20.33,17.03,0.56
A Estrada,Souto (Santo André),3601744.0,55.897,21.489,19.39,15.81,15.051,11.946,9.838,0.156,38.44,34.69,28.28,26.93,21.37,17.6,0.28
Oia,Loureza (San Mamede),3603602.0,44.162,19.504,17.72,15.507,15.025,12.755,11.06,0.185,44.17,40.13,35.11,34.02,28.88,25.04,0.42
Portas,Briallos (San Cristovo),3604001.0,63.772,28.283,18.933,15.552,14.967,12.525,10.662,0.131,44.35,29.69,24.39,23.47,19.64,16.72,0.2
Ribadumia,Ribadumia (Santa Baia),3604606.0,131.295,66.919,21.85,15.798,14.96,11.493,9.363,0.027,50.97,16.64,12.03,11.39,8.75,7.13,0.02
Lalín,Gresande (Santiago),3602425.0,53.307,19.04,17.107,15.3,14.856,12.946,11.561,0.017,35.72,32.09,28.7,27.87,24.29,21.69,0.03
Silleda,Abades (Santa María),3605201.0,51.71,20.749,18.734,15.512,14.855,12.183,10.48,0.039,40.13,36.23,30.0,28.73,23.56,20.27,0.08
Arbo,Sela (Santa María),3600106.0,46.739,27.409,19.635,15.466,14.76,11.821,9.964,0.047,58.64,42.01,33.09,31.58,25.29,21.32,0.1
A Estrada,Couso (Santa María),3601717.0,48.015,20.986,17.714,15.283,14.745,12.134,10.208,0.02,43.71,36.89,31.83,30.71,25.27,21.26,0.04
A Estrada,Lagartóns (Santo Estevo),3601722.0,47.532,19.643,17.276,15.069,14.721,13.137,11.837,0.0,41.33,36.35,31.7,30.97,27.64,24.9,0.0
Ponte Caldelas,Xustáns (San Martiño),3604306.0,64.742,23.956,20.323,15.698,14.702,10.57,7.879,0.236,37.0,31.39,24.25,22.71,16.33,12.17,0.36
Forcarei,Dúas Igrexas (Santa María),3601803.0,57.584,18.563,17.351,15.154,14.623,11.77,9.415,0.002,32.24,30.13,26.32,25.39,20.44,16.35,0.0
Forcarei,Santa Mariña de Presqueiras (Santa Mariña),3601811.0,30.384,18.299,17.25,15.122,14.61,12.092,10.074,0.018,60.23,56.77,49.77,48.09,39.8,33.16,0.06
Lalín,Zobra (Santa Mariña),3602448.0,42.327,19.734,17.965,15.196,14.578,11.781,9.632,0.002,46.62,42.44,35.9,34.44,27.83,22.76,0.0
Oia,Pedornes (San Mamede),3603605.0,33.282,18.338,16.889,14.899,14.513,12.815,11.563,0.004,55.1,50.74,44.77,43.61,38.5,34.74,0.01
Campo Lameiro,Moimenta (Santa María),3600706.0,45.434,20.529,17.992,15.019,14.366,11.541,9.47,0.15,45.18,39.6,33.06,31.62,25.4,20.84,0.33
Lalín,Castro de Cabras (San Pedro),3602413.0,80.655,21.688,18.293,14.956,14.358,11.612,9.257,0.0,26.89,22.68,18.54,17.8,14.4,11.48,0.0
Ponteareas,Arnoso (San Lourenzo),3604204.0,37.622,20.153,17.531,14.81,14.274,12.071,10.715,0.159,53.57,46.6,39.36,37.94,32.08,28.48,0.42
Silleda,Moalde (San Mamede),3605219.0,66.203,20.426,18.403,15.001,14.248,11.392,9.3,0.054,30.85,27.8,22.66,21.52,17.21,14.05,0.08
Cerdedo,Quireza (San Tomé),3690214.0,56.211,20.606,18.406,14.974,14.243,11.085,8.93,0.03,36.66,32.75,26.64,25.34,19.72,15.89,0.05
As Neves,Santiago de Ribarteme (Santiago),3603408.0,51.245,28.214,19.038,15.025,14.233,11.723,9.761,0.0,55.06,37.15,29.32,27.77,22.88,19.05,0.0
Marín,O Campo (Santa María),3602602.0,30.746,18.465,16.829,14.587,14.184,12.544,11.415,0.555,60.06,54.74,47.44,46.13,40.8,37.13,1.8
As Neves,As Neves (Santa María),3603405.0,52.285,27.175,20.309,15.119,14.146,10.889,8.828,0.016,51.98,38.84,28.92,27.06,20.83,16.88,0.03
Arbo,Barcela (San Xoán),3600102.0,59.598,33.396,18.43,14.641,14.047,12.013,10.939,0.186,56.03,30.92,24.57,23.57,20.16,18.35,0.31
Moaña,Meira (Santa Eulalia),3602902.0,56.865,27.738,22.16,15.24,13.968,9.658,7.332,0.275,48.78,38.97,26.8,24.56,16.98,12.89,0.48
Redondela,Ventosela (San Martiño),3604511.0,61.252,24.389,19.131,14.702,13.959,10.808,8.773,0.198,39.82,31.23,24.0,22.79,17.64,14.32,0.32
Crecente,Sendelle (Santa Cruz),3601410.0,20.606,16.207,15.408,14.149,13.875,12.692,11.662,0.221,78.65,74.77,68.66,67.33,61.59,56.6,1.07
Gondomar,Couso (San Cristovo),3602102.0,41.222,20.75,18.176,14.497,13.83,11.119,9.324,0.471,50.34,44.09,35.17,33.55,26.97,22.62,1.14
A Estrada,Aguións (Santa María),3601702.0,61.971,19.361,16.926,14.251,13.728,11.498,10.117,0.24,31.24,27.31,23.0,22.15,18.55,16.33,0.39
Nigrán,Parada (Santiago),3603505.0,48.178,21.483,17.987,14.326,13.667,10.784,8.91,0.157,44.59,37.33,29.74,28.37,22.38,18.49,0.33
Tomiño,Vilameán (San Bieito),3605415.0,31.968,18.021,15.754,13.925,13.569,11.884,10.724,1.069,56.37,49.28,43.56,42.45,37.17,33.55,3.34
Covelo,Paraños (Santa María),3601311.0,39.938,18.926,17.062,14.152,13.521,11.033,9.342,0.038,47.39,42.72,35.44,33.85,27.62,23.39,0.1
Silleda,Dornelas (San Martiño),3605210.0,45.069,17.882,16.074,13.912,13.487,11.56,10.111,0.037,39.68,35.66,30.87,29.92,25.65,22.43,0.08
Lalín,Noceda (Santa María),3602436.0,54.136,17.656,16.284,13.979,13.454,11.117,9.38,0.06,32.61,30.08,25.82,24.85,20.54,17.33,0.11
Oia,Mougás (Santa Uxía),3603603.0,52.857,19.656,17.089,14.006,13.426,10.724,8.855,0.114,37.19,32.33,26.5,25.4,20.29,16.75,0.22
Nigrán,Panxón (San Xoán),3603504.0,62.444,27.418,21.515,14.548,13.363,8.206,5.4,0.0,43.91,34.46,23.3,21.4,13.14,8.65,0.0
Ponte Caldelas,Forzáns (San Fiz),3604304.0,28.182,17.318,15.974,13.843,13.358,11.168,9.456,0.037,61.45,56.68,49.12,47.4,39.63,33.55,0.13
Poio,Raxó (San Gregorio),3604104.0,28.321,17.739,15.822,13.755,13.335,11.69,10.608,0.46,62.64,55.87,48.57,47.09,41.28,37.46,1.62
Agolada,Borraxeiros (San Cristovo),3602008.0,55.102,18.047,16.472,13.934,13.309,10.121,7.925,0.0,32.75,29.89,25.29,24.15,18.37,14.38,0.0
A Estrada,Santo André de Vea (Santo André),3601747.0,90.839,26.892,19.964,14.223,13.302,9.813,7.891,0.347,29.6,21.98,15.66,14.64,10.8,8.69,0.38
A Estrada,Remesar (San Cristovo),3601736.0,37.393,17.626,15.687,13.633,13.219,11.249,9.688,0.006,47.14,41.95,36.46,35.35,30.08,25.91,0.02
Cambados,Corvillón (San Amedio),3600603.0,119.96,52.398,23.238,14.368,13.192,9.166,7.182,0.025,43.68,19.37,11.98,11.0,7.64,5.99,0.02
Tomiño,Currás (San Martiño),3605403.0,24.823,16.897,14.984,13.294,13.06,11.829,10.842,0.26,68.07,60.36,53.56,52.61,47.65,43.68,1.05
Cambados,Vilariño (Santo Adrián),3600605.0,179.067,104.706,24.947,14.156,12.901,8.483,6.271,0.107,58.47,13.93,7.91,7.2,4.74,3.5,0.06
Marín,Mogor (San Xurxo),3602605.0,29.564,18.759,16.529,13.413,12.823,10.35,8.585,0.41,63.45,55.91,45.37,43.38,35.01,29.04,1.39
Marín,Seixo (Nosa Señora do Carme),3602607.0,37.727,20.163,17.281,13.532,12.818,9.626,7.371,0.161,53.45,45.81,35.87,33.98,25.51,19.54,0.43
O Rosal,As Eiras (San Bartolomeu),3604801.0,27.745,17.672,14.22,13.067,12.742,11.684,10.757,0.395,63.69,51.25,47.1,45.93,42.11,38.77,1.43
Cotobade,Corredoira (San Gregorio),3690208.0,37.872,16.415,15.315,13.258,12.724,9.853,7.337,0.0,43.34,40.44,35.01,33.6,26.02,19.37,0.0
Cerdedo,Figueiroa (San Martiño),3690209.0,36.694,17.407,15.946,13.316,12.712,9.979,7.91,0.002,47.44,43.45,36.29,34.64,27.19,21.56,0.0
Silleda,Graba (Santa María),3605213.0,60.037,19.017,16.114,13.287,12.686,10.296,8.732,0.22,31.68,26.84,22.13,21.13,17.15,14.54,0.37
Lalín,Barcia (Santo Estevo),3602405.0,56.152,16.359,14.37,12.942,12.672,11.255,10.127,0.001,29.13,25.59,23.05,22.57,20.04,18.03,0.0
Covelo,A Graña (San Bernabeu),3601308.0,39.139,19.221,17.423,13.658,12.642,9.284,7.263,0.002,49.11,44.52,34.9,32.3,23.72,18.56,0.0
Silleda,Taboada (Santiago),3605231.0,47.718,16.226,14.823,12.965,12.606,10.837,9.395,0.132,34.0,31.06,27.17,26.42,22.71,19.69,0.28
Vilanova de Arousa,András (San Lourenzo),3606101.0,55.321,28.22,16.346,13.092,12.553,10.609,9.421,0.248,51.01,29.55,23.67,22.69,19.18,17.03,0.45
Catoira,Catoira (San Miguel),3601002.0,43.546,18.899,15.96,12.992,12.314,8.868,6.43,0.014,43.4,36.65,29.84,28.28,20.36,14.77,0.03
Arbo,Cabeiras (San Sebastián),3600103.0,45.373,25.252,15.758,12.797,12.276,10.178,8.608,0.065,55.65,34.73,28.2,27.06,22.43,18.97,0.14
As Neves,San Pedro de Batalláns (San Pedro),3603401.0,26.375,17.273,15.255,12.727,12.199,10.259,8.783,0.046,65.49,57.84,48.25,46.25,38.9,33.3,0.17
A Estrada,Paradela (Santa María),3601734.0,37.944,18.111,15.228,12.592,12.12,10.242,9.039,0.02,47.73,40.13,33.19,31.94,26.99,23.82,0.05
Cuntis,Portela (Santa Eulalia),3601507.0,50.055,17.761,15.534,12.697,12.087,9.704,8.272,0.064,35.48,31.03,25.37,24.15,19.39,16.53,0.13
Tomiño,Figueiró (San Martiño),3605405.0,25.024,15.122,13.826,12.327,12.012,10.619,9.565,0.021,60.43,55.25,49.26,48.0,42.43,38.22,0.08
Covelo,A Lamosa (San Bartolomeu),3601309.0,28.014,16.585,15.08,12.536,11.946,9.076,6.806,0.044,59.2,53.83,44.75,42.64,32.4,24.3,0.16
A Estrada,Parada (San Pedro),3601733.0,55.292,16.765,15.163,12.527,11.878,9.148,7.273,0.026,30.32,27.42,22.66,21.48,16.55,13.15,0.05
Silleda,Negreiros (San Martiño),3605220.0,59.542,16.674,14.86,12.268,11.759,9.566,7.912,0.008,28.0,24.96,20.6,19.75,16.07,13.29,0.01
A Estrada,San Pedro de Ancorados (San Pedro),3601703.0,54.826,18.873,15.907,12.397,11.712,9.031,7.301,0.122,34.42,29.01,22.61,21.36,16.47,13.32,0.22
Cotobade,Caroi (Santiago),3690205.0,41.908,17.314,15.533,12.406,11.688,8.049,5.457,0.0,41.31,37.06,29.6,27.89,19.21,13.02,0.0
Lalín,Galegos (San Miguel),3602422.0,47.176,14.852,13.829,12.073,11.68,9.906,8.459,0.001,31.48,29.31,25.59,24.76,21.0,17.93,0.0
Cuntis,Estacas (San Fiz),3601505.0,42.114,18.366,15.336,12.167,11.626,9.437,8.052,0.344,43.61,36.42,28.89,27.6,22.41,19.12,0.82
Meaño,Lores (San Miguel),3602703.0,69.138,39.488,16.037,12.144,11.606,9.476,8.301,0.364,57.11,23.2,17.57,16.79,13.71,12.01,0.53
O Rosal,San Miguel de Tabagón (San Miguel),3604803.0,31.873,15.278,13.337,11.779,11.548,10.29,9.578,0.607,47.93,41.85,36.96,36.23,32.28,30.05,1.9
Fornelos de Montes,Calvos (Santo Adrián),3601901.0,32.772,15.129,13.846,11.906,11.516,9.732,8.194,0.405,46.17,42.25,36.33,35.14,29.7,25.0,1.24
Lalín,Moimenta (San Lourenzo),3602435.0,37.652,16.175,14.624,12.033,11.436,8.849,6.933,0.0,42.96,38.84,31.96,30.37,23.5,18.41,0.0
A Estrada,Cora (San Miguel),3601716.0,56.34,19.262,14.898,11.81,11.255,9.222,7.967,0.0,34.19,26.44,20.96,19.98,16.37,14.14,0.0
A Estrada,Arca (San Miguel),3601705.0,49.765,15.998,14.426,11.756,11.206,8.997,7.555,0.008,32.15,28.99,23.62,22.52,18.08,15.18,0.02
Silleda,Piñeiro (San Xiao),3605224.0,65.601,18.255,15.31,11.855,11.198,8.529,6.744,0.012,27.83,23.34,18.07,17.07,13.0,10.28,0.02
A Estrada,Ribela (Santa Mariña),3601738.0,47.874,15.796,14.296,11.685,11.187,9.182,7.772,0.001,32.99,29.86,24.41,23.37,19.18,16.23,0.0
A Estrada,Lamas (San Breixo),3601723.0,49.294,15.188,13.681,11.494,11.024,9.137,7.832,0.125,30.81,27.75,23.32,22.36,18.54,15.89,0.25
Lalín,Cadrón (Santo Estevo),3602410.0,35.622,14.81,13.485,11.412,10.963,8.857,7.351,0.032,41.58,37.86,32.04,30.78,24.86,20.64,0.09
Forcarei,Castrelo (Santa Mariña),3601802.0,29.734,13.501,12.788,11.338,10.95,8.903,7.153,0.002,45.41,43.01,38.13,36.83,29.94,24.06,0.01
Agolada,Ferreiroa (San Pedro),3602014.0,45.215,16.551,14.14,11.378,10.901,8.48,6.6,0.007,36.6,31.27,25.17,24.11,18.76,14.6,0.02
A Cañiza,A Franqueira (Santa María),3600904.0,37.028,15.683,14.064,11.436,10.843,8.22,6.409,0.116,42.35,37.98,30.88,29.28,22.2,17.31,0.31
Pazos de Borbén,Pazos (Santa María),3603707.0,32.029,14.905,13.437,11.31,10.836,8.725,7.194,0.003,46.54,41.95,35.31,33.83,27.24,22.46,0.01
Cerdedo,Parada (San Pedro),3690212.0,20.091,12.726,12.191,11.084,10.796,9.347,8.156,0.0,63.34,60.68,55.17,53.74,46.52,40.59,0.0
Silleda,Margaride (San Fiz),3605217.0,42.37,14.02,13.035,11.141,10.756,9.08,7.842,0.025,33.09,30.76,26.3,25.39,21.43,18.51,0.06
Cambados,Oubiña (San Vicenzo),3600604.0,59.078,30.096,14.809,11.242,10.705,8.661,7.435,0.026,50.94,25.07,19.03,18.12,14.66,12.58,0.04
Cerdedo,Tomonde (Santa María),3690219.0,26.282,13.315,12.47,10.898,10.529,8.889,7.408,0.023,50.66,47.45,41.47,40.06,33.82,28.19,0.09
A Estrada,Agar (Santa Mariña),3601701.0,47.827,17.4,14.732,11.139,10.511,7.97,6.423,0.08,36.38,30.8,23.29,21.98,16.67,13.43,0.17
A Estrada,A Somoza (Santo André),3601743.0,46.411,15.291,13.416,10.948,10.437,8.352,7.085,0.148,32.95,28.91,23.59,22.49,18.0,15.27,0.32
Ribadumia,Leiro (San Xoán),3604604.0,70.416,35.045,15.303,11.118,10.432,7.839,6.424,0.108,49.77,21.73,15.79,14.82,11.13,9.12,0.15
A Estrada,Barbude (San Martiño),3601708.0,33.352,15.01,12.856,10.746,10.34,8.778,7.71,0.013,45.01,38.55,32.22,31.0,26.32,23.12,0.04
Moraña,San Lourenzo de Moraña (San Lourenzo),3603206.0,35.542,15.252,12.706,10.707,10.296,8.476,7.174,0.295,42.91,35.75,30.12,28.97,23.85,20.18,0.83
Silleda,Parada (San Tomé),3605222.0,47.736,13.165,12.087,10.547,10.251,9.04,8.301,0.005,27.58,25.32,22.1,21.48,18.94,17.39,0.01
Lalín,A Veiga (San Ramón),3602445.0,59.894,14.424,13.068,10.732,10.251,8.316,6.834,0.0,24.08,21.82,17.92,17.12,13.89,11.41,0.0
Campo Lameiro,Montes (San Isidro),3600704.0,28.143,14.03,12.554,10.612,10.231,8.659,7.723,0.026,49.85,44.61,37.71,36.35,30.77,27.44,0.09
Baiona,Santa Cristina da Ramallosa (Santa Cristina),3600306.0,25.364,13.142,11.865,10.21,9.903,8.534,7.364,0.234,51.81,46.78,40.25,39.04,33.64,29.03,0.92
A Estrada,Pardemarín (Santa Baia),3601735.0,40.417,13.662,12.405,10.334,9.893,7.99,6.624,0.055,33.8,30.69,25.57,24.48,19.77,16.39,0.14
A Estrada,Olives (Santa María),3601730.0,33.918,13.439,12.156,10.166,9.767,8.132,6.851,0.022,39.62,35.84,29.97,28.8,23.98,20.2,0.06
Agolada,Ventosa (San Xulián),3602024.0,47.108,12.208,11.391,10.036,9.73,8.28,6.994,0.0,25.92,24.18,21.31,20.65,17.58,14.85,0.0
Lalín,Val do Carrio (Santo André),3602444.0,25.694,10.948,10.505,9.85,9.695,8.907,8.119,0.012,42.61,40.89,38.34,37.73,34.67,31.6,0.04
Tomiño,Pinzás (Santa María),3605408.0,24.209,11.964,11.242,9.953,9.633,8.172,6.925,0.209,49.42,46.44,41.11,39.79,33.76,28.6,0.86
Meaño,Meaño (San Xoán),3602704.0,46.297,27.036,12.588,9.981,9.556,7.96,7.008,0.098,58.4,27.19,21.56,20.64,17.19,15.14,0.21
Silleda,Breixa (Santiago),3605203.0,42.537,13.165,11.97,9.885,9.493,7.892,6.643,0.011,30.95,28.14,23.24,22.32,18.55,15.62,0.03
Silleda,Vilar (San Martiño),3605232.0,29.242,11.434,10.704,9.705,9.489,8.301,7.278,0.004,39.1,36.6,33.19,32.45,28.39,24.89,0.01
Lalín,Santiso (San Román),3602441.0,56.8,12.388,11.479,9.838,9.475,7.986,7.001,0.0,21.81,20.21,17.32,16.68,14.06,12.33,0.0
A Estrada,Frades (Santa María),3601720.0,38.7,13.521,11.911,9.865,9.466,7.877,6.801,0.025,34.94,30.78,25.49,24.46,20.35,17.57,0.06
Silleda,Rellas (San Martiño),3605227.0,41.084,13.292,12.126,9.859,9.456,7.928,6.807,0.049,32.35,29.51,24.0,23.02,19.3,16.57,0.12
Lalín,Madriñán (Santo Adrao),3602432.0,36.5,12.666,11.609,9.802,9.38,7.632,6.46,0.067,34.7,31.8,26.85,25.7,20.91,17.7,0.18
Tomiño,Forcadela (San Pedro),3605406.0,35.28,13.113,11.171,9.6,9.289,7.804,6.542,0.023,37.17,31.66,27.21,26.33,22.12,18.54,0.07
Covelo,Campo (Santa María),3601302.0,31.199,13.316,11.803,9.63,9.2,7.273,5.634,0.004,42.68,37.83,30.87,29.49,23.31,18.06,0.01
Covelo,Prado (San Salvador),3601313.0,35.542,14.287,12.166,9.677,9.181,7.02,5.444,0.0,40.2,34.23,27.23,25.83,19.75,15.32,0.0
As Neves,Liñares (Santa María),3603404.0,35.517,18.67,12.114,9.532,9.079,7.126,5.66,0.004,52.57,34.11,26.84,25.56,20.06,15.94,0.01
Forcarei,Quintillán (San Pedro),3601812.0,37.457,12.426,11.253,9.475,9.074,7.333,6.025,0.001,33.17,30.04,25.3,24.22,19.58,16.08,0.0
Lalín,Moneixas (Santo Adrao),3602434.0,36.865,12.8,10.897,9.331,9.006,7.574,6.599,0.0,34.72,29.56,25.31,24.43,20.55,17.9,0.0
Meaño,Padrenda (San Martiño),3602705.0,64.157,41.687,12.857,9.512,9.004,6.994,5.879,0.119,64.98,20.04,14.83,14.03,10.9,9.16,0.19
A Estrada,Cereixo (San Xurxo),3601714.0,45.611,13.337,11.572,9.407,8.946,6.927,5.594,0.085,29.24,25.37,20.63,19.61,15.19,12.26,0.19
As Neves,Cerdeira (San Xoán),3603403.0,27.781,12.435,11.052,9.162,8.812,7.364,6.391,0.073,44.76,39.78,32.98,31.72,26.51,23.01,0.26
Sanxenxo,Arra (San Amaro),3605102.0,41.655,18.755,12.347,9.339,8.787,6.701,5.46,0.045,45.03,29.64,22.42,21.09,16.09,13.11,0.11
Lalín,Cristimil (San Xurxo),3602417.0,43.045,11.305,9.566,8.651,8.435,7.482,6.712,0.044,26.26,22.22,20.1,19.59,17.38,15.59,0.1
Mondariz,Queimadelos (Santa María),3603007.0,18.293,10.921,9.955,8.698,8.394,6.985,5.865,0.074,59.7,54.42,47.55,45.89,38.19,32.06,0.4
Meaño,Simes (Santa María),3602706.0,62.428,31.697,12.795,8.872,8.352,6.442,5.433,0.344,50.77,20.5,14.21,13.38,10.32,8.7,0.55
Cerdedo,Castro (Santa Baia),3690206.0,23.513,11.511,10.55,8.738,8.333,6.592,5.121,0.0,48.96,44.87,37.16,35.44,28.04,21.78,0.0
Forcarei,San Miguel de Presqueiras (San Miguel),3601810.0,24.147,10.38,9.65,8.571,8.318,6.92,5.71,0.045,42.98,39.96,35.5,34.45,28.66,23.65,0.19
Lalín,Palmou (San Xoán),3602437.0,43.709,10.704,9.935,8.55,8.222,6.807,5.865,0.0,24.49,22.73,19.56,18.81,15.57,13.42,0.0
Oia,Viladesuso (San Miguel),3603606.0,23.993,11.652,10.49,8.603,8.202,6.596,5.652,0.019,48.56,43.72,35.86,34.19,27.49,23.56,0.08
Meaño,Covas (Santa Cristina),3602701.0,42.24,24.037,10.8,8.41,8.071,6.614,5.601,0.136,56.91,25.57,19.91,19.11,15.66,13.26,0.32
Silleda,O Castro (San Mamede),3605205.0,37.426,10.975,10.046,8.326,8.019,6.669,5.662,0.0,29.33,26.84,22.25,21.43,17.82,15.13,0.0
A Estrada,San Tomé de Ancorados (San Tomé),3601704.0,38.073,12.542,10.376,8.381,7.999,6.552,5.599,0.038,32.94,27.25,22.01,21.01,17.21,14.71,0.1
Ribadumia,Barrantes (Santo André),3604601.0,81.609,48.555,11.902,8.476,7.968,6.027,4.853,0.312,59.5,14.58,10.39,9.76,7.39,5.95,0.38
Silleda,Ponte (San Miguel),3605225.0,51.119,11.878,10.591,8.305,7.937,6.39,5.438,0.058,23.24,20.72,16.25,15.53,12.5,10.64,0.11
Silleda,Refoxos (San Paio),3605226.0,32.191,10.952,10.119,8.312,7.923,6.211,5.001,0.006,34.02,31.43,25.82,24.61,19.29,15.54,0.02
Oia,Oia (Santa María),3603604.0,26.379,12.142,10.584,8.327,7.88,6.028,4.575,0.158,46.03,40.12,31.57,29.87,22.85,17.34,0.6
Nigrán,Chandebrito (San Xosé),3603502.0,32.783,12.704,10.602,8.266,7.837,6.186,5.128,0.083,38.75,32.34,25.21,23.9,18.87,15.64,0.25
Pazos de Borbén,Amoedo (San Sadurniño),3603701.0,37.152,12.231,10.613,8.276,7.822,6.058,4.887,0.078,32.92,28.57,22.28,21.06,16.31,13.15,0.21
Vilanova de Arousa,Vilanova de Arousa (San Cibrán),3606107.0,61.098,21.501,13.036,8.372,7.812,5.327,3.934,0.024,35.19,21.34,13.7,12.79,8.72,6.44,0.04
Lalín,Méixome (Santiago),3602433.0,36.977,9.933,9.365,8.087,7.753,6.409,5.577,0.076,26.86,25.33,21.87,20.97,17.33,15.08,0.21
O Rosal,Tabagón (San Xoán),3604804.0,22.035,10.913,9.168,7.86,7.724,7.001,6.397,0.062,49.53,41.61,35.67,35.05,31.77,29.03,0.28
Lalín,Cangas (Santa Mariña),3602412.0,36.134,9.697,9.184,7.981,7.721,6.564,5.653,0.039,26.84,25.42,22.09,21.37,18.17,15.65,0.11
Baiona,Baiona (Santa María),3600304.0,19.255,11.932,10.457,8.096,7.698,5.991,4.548,0.004,61.97,54.31,42.05,39.98,31.11,23.62,0.02
Ribadumia,Sisán (San Clemenzo),3604607.0,79.808,49.686,12.087,8.186,7.68,5.658,4.491,0.023,62.26,15.14,10.26,9.62,7.09,5.63,0.03
Lalín,Rodís (San Xiao),3602440.0,30.962,9.152,8.709,7.893,7.674,6.433,5.495,0.0,29.56,28.13,25.49,24.78,20.78,17.75,0.0
Silleda,Chapa (San Cibrao),3605209.0,35.341,11.648,10.293,8.057,7.658,6.051,4.869,0.0,32.96,29.13,22.8,21.67,17.12,13.78,0.0
Covelo,O Piñeiro (San Xoán),3601312.0,25.587,10.76,9.462,7.905,7.631,6.539,5.825,0.016,42.05,36.98,30.89,29.82,25.56,22.77,0.06
Silleda,Oleiros (San Miguel),3605221.0,36.459,10.544,9.196,7.877,7.592,6.336,5.568,0.0,28.92,25.22,21.6,20.82,17.38,15.27,0.0
Salvaterra de Miño,Lourido (Santo André),3605009.0,18.114,10.897,9.661,7.906,7.589,6.36,5.332,0.072,60.16,53.34,43.65,41.9,35.11,29.44,0.4
Silleda,Saídres (San Xoán),3605228.0,40.972,11.272,9.959,7.895,7.476,5.809,4.588,0.0,27.51,24.31,19.27,18.25,14.18,11.2,0.0
Lalín,Anzo (San Xoán),3602404.0,40.678,10.148,9.195,7.718,7.403,5.89,4.942,0.022,24.95,22.6,18.97,18.2,14.48,12.15,0.05
Agolada,Eidián (Santiago),3602012.0,23.233,9.222,8.618,7.559,7.31,6.134,5.153,0.0,39.69,37.09,32.53,31.46,26.4,22.18,0.0
Silleda,Fiestras (San Martiño),3605212.0,34.194,9.77,8.821,7.552,7.294,6.029,4.94,0.028,28.57,25.8,22.09,21.33,17.63,14.45,0.08
Silleda,Laro (San Salvador),3605215.0,52.687,14.107,10.487,7.822,7.262,5.334,4.251,0.0,26.78,19.9,14.85,13.78,10.12,8.07,0.0
Fornelos de Montes,Traspielas (Santa María),3601906.0,48.004,11.35,9.715,7.488,7.054,5.149,3.888,0.0,23.64,20.24,15.6,14.69,10.73,8.1,0.0
Agolada,Berredo (Santa María),3602007.0,22.148,8.92,8.256,7.203,6.956,5.798,4.805,0.002,40.27,37.28,32.52,31.41,26.18,21.7,0.01
Lalín,Busto (San Facundo),3602409.0,19.711,7.917,7.596,7.046,6.95,6.473,6.016,0.018,40.17,38.54,35.74,35.26,32.84,30.52,0.09
Fornelos de Montes,Oitavén (San Vicente),3601905.0,21.304,10.062,8.871,7.226,6.884,5.259,4.063,0.0,47.23,41.64,33.92,32.31,24.69,19.07,0.0
Pazos de Borbén,A Ermida (Nosa Señora da Anunciación),3603704.0,12.433,8.397,7.914,7.084,6.879,6.081,5.4,0.016,67.54,63.65,56.98,55.33,48.91,43.44,0.13
Cuntis,Couselo (San Miguel),3601503.0,28.106,10.343,8.843,7.16,6.836,5.632,4.706,0.095,36.8,31.46,25.48,24.32,20.04,16.74,0.34
Ponteareas,Paredes (San Cibrán),3604220.0,21.148,9.617,8.129,6.929,6.698,5.752,5.174,0.041,45.47,38.44,32.76,31.67,27.2,24.46,0.19
A Estrada,San Miguel de Barcala (San Miguel),3601709.0,32.342,12.726,9.568,7.123,6.664,4.888,3.8,0.01,39.35,29.58,22.02,20.6,15.11,11.75,0.03
Lalín,Anseán (Santiago),3602403.0,24.125,11.736,7.83,6.717,6.549,5.848,5.31,0.0,48.65,32.46,27.84,27.15,24.24,22.01,0.0
Fornelos de Montes,A Laxe (San Xosé),3601904.0,29.844,9.972,8.798,6.915,6.522,4.808,3.75,0.0,33.42,29.48,23.17,21.85,16.11,12.56,0.0
Forcarei,Meavía (San Xoán),3601806.0,49.767,10.108,8.28,6.736,6.402,5.007,3.848,0.0,20.31,16.64,13.53,12.86,10.06,7.73,0.0
Vilagarcía de Arousa,Solobeira (San Fins),3606011.0,26.679,14.008,8.228,6.56,6.323,5.345,4.694,0.179,52.51,30.84,24.59,23.7,20.03,17.59,0.67
Cerdedo,Pedre (Santo Estevo),3690213.0,15.759,9.229,8.356,6.66,6.317,4.949,3.939,0.028,58.57,53.02,42.26,40.08,31.4,25.0,0.18
A Guarda,A Guarda (Santa María),3602302.0,23.338,9.909,8.256,6.634,6.315,4.969,4.285,0.003,42.46,35.38,28.42,27.06,21.29,18.36,0.01
A Estrada,Barcala (Santa Mariña),3601710.0,20.482,9.287,7.814,6.555,6.301,5.162,4.414,0.06,45.34,38.15,32.01,30.76,25.2,21.55,0.29
Agolada,Brántega (San Lourenzo),3602009.0,22.834,7.938,7.448,6.508,6.288,5.162,4.172,0.0,34.76,32.62,28.5,27.54,22.61,18.27,0.0
Lalín,Camposancos (San Cristovo),3602411.0,21.73,7.295,7.039,6.426,6.269,5.409,4.534,0.0,33.57,32.4,29.57,28.85,24.89,20.87,0.0
Pazos de Borbén,Moscoso (San Paio),3603705.0,22.166,7.75,7.101,6.284,6.132,5.401,4.742,0.019,34.96,32.04,28.35,27.66,24.36,21.39,0.08
A Estrada,Baloira (San Salvador),3601707.0,27.113,9.516,7.923,6.379,6.123,5.079,4.315,0.016,35.1,29.22,23.53,22.58,18.73,15.92,0.06
Moraña,Gargantáns (San Martiño),3603203.0,26.424,9.907,7.752,6.385,6.118,4.962,4.249,0.209,37.49,29.34,24.17,23.15,18.78,16.08,0.79
Vilagarcía de Arousa,Sobradelo (San Salvador),3606008.0,21.468,9.629,7.733,6.239,5.955,4.962,4.245,0.021,44.85,36.02,29.06,27.74,23.11,19.77,0.1
Agolada,Artoño (Santalla),3602002.0,14.116,6.623,6.414,6.002,5.885,5.23,4.542,0.023,46.92,45.43,42.51,41.69,37.05,32.18,0.16
Pazos de Borbén,Xunqueiras (San Salvador),3603708.0,23.649,7.964,7.215,6.101,5.87,4.777,3.981,0.016,33.68,30.51,25.8,24.82,20.2,16.83,0.07
Silleda,Martixe (San Cristovo),3605218.0,30.577,8.285,7.376,6.044,5.813,4.86,4.28,0.0,27.1,24.12,19.77,19.01,15.9,14.0,0.0
Lalín,Parada (Santa María),3602438.0,34.754,8.08,7.175,6.053,5.792,4.53,3.699,0.008,23.25,20.64,17.42,16.67,13.03,10.64,0.02
Agolada,As Trabancas (San Mamede),3602022.0,31.561,7.459,6.97,5.992,5.787,4.773,3.807,0.0,23.63,22.08,18.98,18.33,15.12,12.06,0.0
Forcarei,Pereira (San Bartolomeu),3601809.0,32.329,7.498,6.932,5.942,5.718,4.635,3.79,0.0,23.19,21.44,18.38,17.69,14.34,11.72,0.0
Ponte Caldelas,Castro Barbudo (Santa María),3604302.0,16.198,7.576,6.851,5.822,5.602,4.649,3.844,0.015,46.77,42.29,35.94,34.58,28.7,23.73,0.09
Silleda,Carboeiro (Santa María),3605204.0,21.089,7.764,7.129,5.816,5.503,4.211,3.391,0.007,36.82,33.8,27.58,26.09,19.97,16.08,0.03
Covelo,Prado de Canda (Santiago),3601314.0,14.427,7.878,7.26,5.854,5.496,3.828,2.662,0.0,54.6,50.32,40.58,38.1,26.53,18.45,0.0
Silleda,Cervaña (San Salvador),3605206.0,27.161,8.113,7.237,5.739,5.435,4.248,3.508,0.035,29.87,26.65,21.13,20.01,15.64,12.91,0.13
Covelo,Fofe (San Miguel),3601306.0,13.918,8.292,7.211,5.693,5.367,3.976,3.118,0.017,59.58,51.81,40.9,38.56,28.57,22.4,0.12
Agolada,Brocos (San Miguel),3602010.0,14.778,6.594,6.191,5.491,5.327,4.606,4.165,0.011,44.62,41.89,37.16,36.05,31.17,28.18,0.08
Agolada,A Baíña (San Pedro),3602003.0,12.96,5.92,5.658,5.218,5.098,4.472,3.938,0.0,45.68,43.66,40.26,39.34,34.51,30.39,0.0
Ponte Caldelas,Taboadelo (Santiago),3604308.0,17.463,7.417,6.408,5.277,5.038,4.066,3.463,0.015,42.47,36.7,30.22,28.85,23.28,19.83,0.08
Silleda,Ansemil (San Pedro),3605202.0,22.258,7.555,6.624,5.214,4.964,4.228,3.721,0.028,33.94,29.76,23.42,22.3,18.99,16.72,0.13
Campo Lameiro,Morillas (Santiago),3600705.0,12.597,6.13,5.524,4.67,4.498,3.745,3.173,0.032,48.66,43.86,37.08,35.7,29.73,25.19,0.25
A Estrada,Liripio (San Xoán Bautista),3601724.0,22.729,6.935,6.151,4.748,4.468,3.284,2.433,0.0,30.51,27.06,20.89,19.66,14.45,10.71,0.0
Silleda,Pazos (San Martiño),3605223.0,18.894,6.183,5.492,4.453,4.266,3.619,3.146,0.043,32.72,29.07,23.57,22.58,19.16,16.65,0.23
Lalín,Lodeiro (San Paio),3602429.0,18.104,4.822,4.475,4.014,3.914,3.363,2.842,0.0,26.63,24.72,22.17,21.62,18.57,15.7,0.0
Ribadumia,Besomaño (Santa María),3604603.0,32.186,17.631,5.824,4.15,3.906,2.962,2.438,0.032,54.78,18.1,12.89,12.13,9.2,7.57,0.1
Caldas de Reis,Caldas de Reis (San Tomé e Santa María),3600503.0,18.164,7.528,5.772,4.149,3.888,2.877,2.088,0.024,41.44,31.78,22.84,21.4,15.84,11.49,0.13
Agolada,Santa Comba (San Xoán),3602019.0,19.524,4.715,4.4,3.889,3.784,3.288,2.737,0.0,24.15,22.54,19.92,19.38,16.84,14.02,0.0
Agolada,Val de Sangorza (Santa María),3602023.0,15.661,4.8,4.446,3.912,3.781,3.127,2.57,0.0,30.65,28.39,24.98,24.14,19.97,16.41,0.0
Vilagarcía de Arousa,Vilagarcía (Santa Baia),3606012.0,26.836,6.686,5.548,4.009,3.745,2.411,1.591,0.02,24.91,20.67,14.94,13.95,8.98,5.93,0.07
Agolada,Órrea (Santo André),3602017.0,9.789,4.294,4.088,3.795,3.739,3.443,3.169,0.015,43.87,41.77,38.77,38.19,35.18,32.38,0.16
Lalín,Albarellos (Santa María),3602401.0,12.752,5.362,4.231,3.787,3.725,3.481,3.26,0.0,42.05,33.18,29.7,29.21,27.3,25.56,0.0
Lalín,Alemparte (Santa María),3602402.0,15.002,4.676,4.307,3.728,3.615,3.049,2.556,0.0,31.17,28.71,24.85,24.09,20.33,17.03,0.0
A Estrada,Sabucedo (San Lourenzo),3601741.0,10.739,4.953,4.437,3.715,3.602,3.149,2.78,0.033,46.12,41.31,34.59,33.55,29.32,25.88,0.31
Silleda,Xestoso (Santa María),3605233.0,16.386,5.159,4.695,3.763,3.48,2.48,1.787,0.0,31.49,28.65,22.96,21.23,15.14,10.9,0.0
Moraña,Cosoirado (Santa María),3603202.0,7.936,4.574,3.944,3.511,3.435,3.023,2.652,0.009,57.63,49.7,44.24,43.28,38.09,33.42,0.12
Agolada,Merlín (San Pedro),3602016.0,10.987,3.948,3.768,3.363,3.249,2.683,2.235,0.0,35.94,34.29,30.61,29.57,24.42,20.34,0.0
Agolada,Agra (San Miguel),3602001.0,14.519,4.252,3.987,3.398,3.241,2.538,2.089,0.11,29.29,27.46,23.41,22.33,17.48,14.39,0.76
Agolada,Vilariño (Santa María),3602025.0,18.08,4.265,3.951,3.337,3.195,2.627,2.139,0.0,23.59,21.85,18.46,17.67,14.53,11.83,0.0
Agolada,Basadre (Santa María),3602006.0,12.811,4.027,3.777,3.304,3.187,2.561,2.003,0.0,31.44,29.48,25.79,24.88,19.99,15.64,0.0
Cangas,Cangas (Santiago e San Salvador),3600802.0,9.65,5.219,4.195,2.937,2.724,1.682,1.124,0.174,54.08,43.47,30.43,28.22,17.43,11.65,1.8
Agolada,Ramil (San Martiño),3602018.0,6.657,2.719,2.646,2.494,2.446,2.155,1.843,0.0,40.85,39.75,37.47,36.75,32.37,27.69,0.0
Pazos de Borbén,Cepeda (San Pedro),3603703.0,17.627,4.966,3.843,2.559,2.376,1.615,1.129,0.0,28.17,21.8,14.52,13.48,9.16,6.4,0.0
Cambados,Cambados (Santa Mariña),3600601.0,26.465,13.931,4.716,2.565,2.327,1.481,0.959,0.059,52.64,17.82,9.69,8.79,5.6,3.62,0.22
Vilagarcía de Arousa,Fontecarmoa (San Pedro),3606006.0,7.495,3.946,2.901,2.23,2.097,1.528,1.15,0.013,52.65,38.71,29.75,27.97,20.39,15.35,0.17
Tui,Tui (O Sagrario),3605512.0,6.054,3.196,2.678,2.152,2.044,1.569,1.364,0.029,52.8,44.23,35.54,33.77,25.91,22.52,0.49
Agolada,Sesto (San Cibrao),3602021.0,7.83,2.516,2.382,1.908,1.818,1.428,1.176,0.0,32.13,30.42,24.37,23.22,18.24,15.02,0.0
Agolada,O Sexo (Santiago),3602020.0,7.402,2.357,2.155,1.818,1.737,1.366,0.994,0.0,31.84,29.12,24.56,23.47,18.46,13.43,0.0
Lalín,Sello (Santiago),3602442.0,14.513,1.791,1.704,1.529,1.472,1.164,0.938,0.0,12.34,11.74,10.53,10.14,8.02,6.46,0.0
Agolada,Carmoega (San Pedro),3602011.0,6.259,1.457,1.354,1.148,1.092,0.816,0.555,0.0,23.28,21.64,18.34,17.44,13.03,8.87,0.0
Agolada,Gurgueiro (San Miguel),3602015.0,5.512,1.427,1.302,1.101,1.056,0.794,0.657,0.0,25.89,23.62,19.98,19.16,14.41,11.92,0.0
Agolada,Esperante (San Cibrao),3602013.0,14.238,1.629,1.425,1.073,1.009,0.775,0.642,0.0,11.44,10.01,7.53,7.09,5.45,4.51,0.0
Agolada,San Paio de Bais (San Paio),3602004.0,4.276,0.891,0.777,0.599,0.556,0.399,0.262,0.0,20.83,18.17,14.01,13.0,9.34,6.13,0.0
Marín,Marín (Santa María do Porto),3602604.0,0.571,0.215,0.13,0.063,0.056,0.028,0.014,0.0,37.59,22.82,11.02,9.74,4.85,2.43,0.0
