concello,parroquia,ha_faixa,ha_arbolado,ha_en_rodal,ha_prohibida,ha_dispersa,ha_prohibida_hi,pct_arbolado,pct_prohibida_lo,pct_prohibida_hi
Cangas,O Hío (Santo André),267.322,102.838,73.275,64.215,29.563,85.571,38.47,24.02,32.01
O Porriño,Pontellas (Santiago),164.211,71.174,58.992,53.62,12.182,62.162,43.34,32.65,37.85
O Rosal,O Rosal (Santa Mariña),188.023,75.9,59.365,52.224,16.535,64.169,40.37,27.78,34.13
A Cañiza,Valeixe (Santa Cristina),257.154,96.824,65.682,50.597,31.142,73.094,37.65,19.68,28.42
O Porriño,San Salvador de Budiño (San Salvador),185.132,80.026,59.854,68.084,20.172,69.024,43.23,36.78,37.28
Ponteareas,Moreira (San Martiño),146.41,72.713,52.874,47.653,19.839,61.984,49.66,32.55,42.34
Salvaterra de Miño,Salvaterra (San Lourenzo),157.618,70.431,53.965,46.934,16.466,58.829,44.68,29.78,37.32
O Porriño,Atios (Santa Eulalia),148.132,66.466,52.646,48.19,13.821,56.832,44.87,32.53,38.37
Valga,Cordeiro (Santa Comba),227.046,71.524,51.02,58.52,20.504,63.2,31.5,25.77,27.84
Ponteareas,Guláns (San Xulián),184.402,70.129,44.775,41.55,25.354,59.866,38.03,22.53,32.46
Salvaterra de Miño,Fornelos (San Xoán),116.024,55.984,44.142,41.323,11.841,49.877,48.25,35.62,42.99
Tomiño,Tomiño (Santa María),158.722,60.063,46.428,40.119,13.635,49.969,37.84,25.28,31.48
Mos,Louredo (San Salvador),136.98,58.642,42.078,47.764,16.564,48.541,42.81,34.87,35.44
Cuntis,Cuntis (Santa María),255.363,69.604,41.582,37.948,28.022,58.191,27.26,14.86,22.79
O Porriño,Chenlo (San Xoán),83.696,47.744,38.583,37.775,9.161,44.393,57.04,45.13,53.04
Vilaboa,Vilaboa (San Martiño),127.491,53.858,42.135,42.412,11.723,46.273,42.24,33.27,36.3
Valga,Setecoros (San Salvador),144.101,49.341,36.482,38.547,12.859,44.664,34.24,26.75,30.99
Ponteareas,Areas (Santa María),142.101,61.464,40.214,34.065,21.25,49.416,43.25,23.97,34.78
Tomiño,Barrantes (San Vicente),109.949,43.636,34.371,33.795,9.266,40.489,39.69,30.74,36.83
Salvaterra de Miño,Leirado (San Salvador),102.763,53.089,36.655,33.304,16.434,45.176,51.66,32.41,43.96
Sanxenxo,Adina (Santa María),177.893,48.708,33.774,33.217,14.934,44.005,27.38,18.67,24.74
Tui,Ribadelouro (Santa Comba),104.694,60.45,48.184,35.118,12.266,42.055,57.74,33.54,40.17
Soutomaior,Soutomaior (San Salvador),255.777,68.251,41.289,33.136,26.963,52.614,26.68,12.96,20.57
Meis,A Armenteira (Santa María),116.751,47.599,34.166,32.918,13.433,42.623,40.77,28.2,36.51
Salvaterra de Miño,Alxén (San Paio),94.014,41.938,33.747,32.195,8.191,38.113,44.61,34.24,40.54
Mos,Torroso (San Mamede),122.25,49.012,35.559,41.104,13.453,41.765,40.09,33.62,34.16
Portas,Portas (Santa María),144.392,43.625,32.808,39.195,10.816,41.687,30.21,27.14,28.87
Salceda de Caselas,Santo Estevo de Budiño (Santo Estevo),85.01,42.27,33.114,35.905,9.157,38.726,49.72,42.24,45.55
Arbo,Mourentán (San Cristovo),159.965,64.904,38.781,31.676,26.123,50.547,40.57,19.8,31.6
Mos,Mos (Santa Eulalia),138.062,53.208,33.252,42.783,19.956,43.785,38.54,30.99,31.71
Ponteareas,Cristiñade (San Salvador),91.344,44.017,31.748,29.753,12.268,38.616,48.19,32.57,42.28
Marín,San Tomé de Piñeiro (San Tomé),98.419,40.617,31.71,31.122,8.906,35.826,41.27,31.62,36.4
Salceda de Caselas,Soutelo (San Vicente),70.253,34.29,29.351,29.155,4.939,32.723,48.81,41.5,46.58
Ponteareas,Ribadetea (San Xurxo),147.229,54.846,34.526,29.309,20.321,43.613,37.25,19.91,29.62
Mos,Cela (San Pedro),141.51,44.405,29.609,29.097,14.796,39.786,31.38,20.56,28.12
Poio,Poio (San Xoán),195.698,54.158,31.49,29.077,22.668,45.452,27.67,14.86,23.23
Cotobade,Tenorio (San Pedro),85.044,46.353,35.298,29.022,11.055,37.008,54.51,34.13,43.52
Moraña,Saiáns (San Salvador),127.207,46.47,33.178,28.634,13.292,38.236,36.53,22.51,30.06
Salceda de Caselas,Entenza (Santos Xusto e Pastor),96.616,43.386,31.684,28.114,11.702,36.567,44.91,29.1,37.85
O Porriño,Torneiros (San Salvador),90.737,40.818,28.896,27.991,11.922,36.604,44.99,30.85,40.34
A Cañiza,A Cañiza (Santa Teresa),122.189,52.348,33.947,27.807,18.402,41.101,42.84,22.76,33.64
Sanxenxo,Noalla (Santo Estevo),250.17,48.759,28.086,27.664,20.673,42.598,19.49,11.06,17.03
A Cañiza,Oroso (Santa María),131.706,46.666,37.098,27.437,9.568,34.349,35.43,20.83,26.08
Redondela,Cedeira (Santo André),148.244,51.397,30.526,27.395,20.871,41.452,34.67,18.48,27.96
Tui,Pexegueiro (San Miguel),89.352,33.207,27.083,26.979,6.124,31.403,37.16,30.19,35.15
Crecente,Albeos (San Xoán),141.22,48.553,37.07,26.915,11.483,35.211,34.38,19.06,24.93
Cangas,Darbo (Santa María),125.878,47.244,28.793,26.164,18.451,39.494,37.53,20.79,31.37
Moraña,Santa Xusta de Moraña (Santa Xusta),96.115,41.336,29.734,25.949,11.602,34.33,43.01,27.0,35.72
O Porriño,Mosende (San Xurxo),80.974,38.603,27.835,25.937,10.767,33.716,47.67,32.03,41.64
Vilanova de Arousa,Baión (San Xoán),170.56,48.408,29.496,25.916,18.913,39.579,28.38,15.19,23.21
Ponteareas,Xinzo (Santa Mariña),102.349,39.499,27.47,25.877,12.029,34.567,38.59,25.28,33.77
Mondariz,Mondariz (Santa Baia),115.374,55.87,38.568,28.753,17.302,29.558,48.42,24.92,25.62
Ponteareas,Padróns (San Salvador),142.077,50.159,32.047,27.244,18.111,32.41,35.3,19.18,22.81
Marín,Marín (San Xián),121.817,38.426,27.18,25.151,11.246,33.274,31.54,20.65,27.31
Crecente,Crecente (San Pedro),77.113,43.499,35.333,24.934,8.166,30.832,56.41,32.33,39.98
A Cañiza,O Couto (San Bartolomeu),103.21,46.157,33.097,24.93,13.06,34.365,44.72,24.15,33.3
A Cañiza,As Achas (San Sebastián),137.711,45.913,27.293,24.516,18.62,37.967,33.34,17.8,27.57
A Guarda,Camposancos (Santa Isabel),91.856,32.99,25.114,24.467,7.876,30.157,35.91,26.64,32.83
Ponteareas,Nogueira (San Salvador),65.541,32.641,25.258,24.36,7.383,29.694,49.8,37.17,45.31
Salceda de Caselas,Santa María de Salceda (Santa María),116.824,41.015,24.871,24.235,16.144,35.897,35.11,20.74,30.73
Ponteareas,Arcos (San Breixo),70.019,37.493,27.44,24.695,10.053,31.414,53.55,35.27,44.86
Cangas,Aldán (San Cibrán),122.267,44.699,29.6,24.0,15.098,34.907,36.56,19.63,28.55
Salvaterra de Miño,Oleiros (Santa María),57.687,33.767,27.37,23.938,6.397,28.559,58.53,41.5,49.51
Salceda de Caselas,Parderrubias (San Tomé),101.106,34.932,25.485,25.296,9.448,30.735,34.55,25.02,30.4
A Cañiza,Parada das Achas (Santiago),156.856,76.245,52.339,23.351,23.906,40.612,48.61,14.89,25.89
Ponteareas,San Mateo de Oliveira (San Mateo),105.416,38.774,26.401,23.026,12.372,31.964,36.78,21.84,30.32
Mos,Petelos (San Mamede),84.694,37.832,25.08,28.39,12.752,32.826,44.67,33.52,38.76
Meis,Meis (San Salvador),88.656,28.014,23.446,22.402,4.568,25.702,31.6,25.27,28.99
Ponte Caldelas,Ponte Caldelas (Santa Eulalia),157.424,49.471,30.379,26.52,19.092,29.884,31.43,16.85,18.98
Tomiño,Sobrada (San Salvador),45.674,25.534,22.49,22.245,3.043,24.444,55.9,48.7,53.52
Cotobade,Sacos (San Xurxo),81.334,38.623,28.882,22.317,9.741,29.228,47.49,27.44,35.94
Vilagarcía de Arousa,Sobrán (San Martiño de Fóra),166.841,37.336,21.814,21.709,15.522,32.922,22.38,13.01,19.73
Mondariz,Toutón (San Mateo),88.776,41.086,31.998,21.7,9.088,21.85,46.28,24.44,24.61
Tomiño,Goián (San Cristovo),93.458,38.289,26.48,21.682,11.809,30.213,40.97,23.2,32.33
O Porriño,Cans (Santo Estevo),45.61,27.537,21.376,21.376,6.161,25.827,60.37,46.87,56.63
Mondariz,Lougares (San Fiz),85.884,49.192,32.916,23.117,16.276,23.989,57.28,26.92,27.93
Marín,Ardán (Santa María),103.206,36.323,24.991,21.273,11.333,29.46,35.19,20.61,28.54
Mos,Tameiga (San Martiño),118.959,44.132,22.97,21.217,21.162,36.483,37.1,17.84,30.67
Ponteareas,Fozara (San Bartolomeu),73.07,30.525,23.597,23.297,6.928,23.734,41.77,31.88,32.48
Gondomar,Mañufe (San Vicente),120.639,37.869,25.58,21.076,12.289,29.954,31.39,17.47,24.83
Mondariz,Vilar (San Mamede),57.269,28.61,25.576,21.835,3.033,21.956,49.96,38.13,38.34
Barro,Barro (San Breixo),71.663,32.985,26.958,22.175,6.027,25.618,46.03,30.94,35.75
Caldas de Reis,Santo André de Cesar (Santo André),93.716,37.304,28.503,20.799,8.801,27.157,39.81,22.19,28.98
Meis,Paradela (Santa María),96.898,38.587,25.544,20.794,13.042,30.216,39.82,21.46,31.18
As Neves,Taboexa (Santa María),98.596,36.12,22.462,20.77,13.658,30.637,36.63,21.07,31.07
Sanxenxo,Dorrón (San Xoán),94.553,30.098,20.875,20.767,9.223,27.43,31.83,21.96,29.01
Ponteareas,Guillade (San Miguel),98.845,36.398,21.781,21.506,14.617,30.725,36.82,21.76,31.08
Meis,Nogueira (San Vicente),83.531,29.395,22.136,20.334,7.259,25.578,35.19,24.34,30.62
Gondomar,Vincios (Santa Mariña),106.848,34.155,22.15,20.291,12.005,28.963,31.97,18.99,27.11
Covelo,Barcia de Mera (San Martiño),102.208,52.666,35.488,21.387,17.178,23.088,51.53,20.93,22.59
Mondariz,Riofrío (San Miguel),89.853,40.794,28.418,22.958,12.377,23.473,45.4,25.55,26.12
Valga,Valga (San Miguel),109.211,39.01,22.141,32.598,16.869,33.312,35.72,29.85,30.5
Salvaterra de Miño,Fiolledo (San Paio),44.531,26.558,23.018,19.898,3.54,22.455,59.64,44.68,50.43
Caldas de Reis,Saiar (Santo Estevo),139.95,38.304,22.901,19.751,15.403,30.878,27.37,14.11,22.06
Cotobade,Aguasantas (Santa María),77.431,45.083,36.263,21.337,8.82,21.787,58.22,27.56,28.14
Moaña,Moaña (Virxe do Carme),96.021,40.179,23.191,19.687,16.987,31.958,41.84,20.5,33.28
Vilaboa,Santa Cristina de Cobres (Santa Cristina),82.704,33.64,21.296,23.871,12.344,24.418,40.67,28.86,29.52
Caldas de Reis,Bemil (Santa María),127.935,33.655,21.729,19.488,11.926,28.103,26.31,15.23,21.97
Caldas de Reis,Godos (Santa María),111.06,31.74,20.529,20.1,11.211,27.727,28.58,18.1,24.97
Salvaterra de Miño,Cabreira (San Miguel),77.486,36.403,26.057,19.43,10.346,26.903,46.98,25.08,34.72
Redondela,Chapela (San Fausto),95.343,39.212,25.972,19.397,13.24,28.962,41.13,20.34,30.38
Moraña,Rebón (San Pedro),86.44,28.73,20.927,18.949,7.803,24.586,33.24,21.92,28.44
Mos,Sanguiñeda (Santa María),84.508,33.661,22.294,18.922,11.367,27.133,39.83,22.39,32.11
Mondariz,Sabaxáns (San Mamede),99.1,49.873,34.648,19.158,15.226,20.05,50.33,19.33,20.23
Salvaterra de Miño,Arantei (San Pedro),71.75,29.305,21.935,18.858,7.37,24.182,40.84,26.28,33.7
Salvaterra de Miño,Meder (Santo Adrián),114.792,33.518,20.947,18.553,12.572,27.635,29.2,16.16,24.07
Crecente,Rebordechán (Santa María),48.428,33.548,25.449,18.543,8.099,24.394,69.27,38.29,50.37
Tomiño,San Salvador de Tebra (San Salvador),38.829,22.296,19.392,18.381,2.904,20.479,57.42,47.34,52.74
Meaño,Xil (Santa Eulalia),104.381,24.527,19.317,18.374,5.21,22.138,23.5,17.6,21.21
Ponteareas,Oliveira (Santiago),71.274,32.265,21.312,22.603,10.952,26.056,45.27,31.71,36.56
Vilaboa,Cobres (Santo Adrán),91.692,31.027,18.793,21.229,12.233,24.595,33.84,23.15,26.82
Moaña,Domaio (San Pedro),106.666,45.198,21.211,18.26,23.987,35.588,42.37,17.12,33.36
Crecente,Ribeira (Santa Mariña),58.441,31.356,25.732,18.249,5.623,22.311,53.65,31.23,38.18
Valga,Xanza (Santa María),118.036,34.554,22.316,29.751,12.238,30.1,29.27,25.21,25.5
Mondariz,Mouriscados (San Cibrán),65.141,30.764,21.11,20.319,9.654,20.911,47.23,31.19,32.1
Catoira,Dimo (San Pedro),107.494,33.678,20.764,17.651,12.914,26.981,31.33,16.42,25.1
Crecente,Vilar (San Xorxe),66.483,26.127,20.41,17.601,5.717,21.732,39.3,26.47,32.69
Salvaterra de Miño,Lira (San Simón),68.698,35.147,24.995,17.591,10.152,24.925,51.16,25.61,36.28
A Estrada,Guimarei (San Xiao),132.814,34.409,24.511,17.545,9.898,24.695,25.91,13.21,18.59
A Estrada,San Miguel de Castro (San Miguel),99.581,36.843,21.036,28.155,15.808,31.401,37.0,28.27,31.53
Vilanova de Arousa,Tremoedo (Santo Estevo),137.983,25.367,18.698,17.4,6.669,22.218,18.38,12.61,16.1
Cuntis,Troáns (Santa María),120.558,31.095,20.014,17.265,11.081,25.27,25.79,14.32,20.96
Tui,Randufe (Santa María da Guía),88.898,26.804,17.649,17.215,9.155,23.829,30.15,19.36,26.8
Campo Lameiro,O Campo (San Miguel),79.005,30.925,20.187,17.178,10.738,24.934,39.14,21.74,31.56
Ponte Caldelas,Tourón (Santa María),124.271,35.354,20.42,17.741,14.935,27.942,28.45,14.28,22.48
Barro,Perdecanai (Santa María),69.754,29.188,19.821,17.088,9.367,23.854,41.84,24.5,34.2
Tui,Malvas (Santiago),69.044,25.559,16.839,16.839,8.72,23.138,37.02,24.39,33.51
Vilagarcía de Arousa,Bamio (San Xens),107.124,32.148,17.554,16.792,14.595,27.335,30.01,15.68,25.52
Catoira,Abalo (San Mamede),65.943,23.381,17.534,16.518,5.847,20.742,35.46,25.05,31.45
Gondomar,Vilaza (Santa María),69.766,25.531,18.622,16.495,6.909,21.486,36.6,23.64,30.8
A Guarda,Salcidos (San Lourenzo),119.692,31.765,19.273,16.489,12.492,25.514,26.54,13.78,21.32
Cambados,Castrelo (Santa Cruz),225.13,26.169,16.586,16.351,9.583,23.273,11.62,7.26,10.34
Crecente,Filgueira (San Pedro),49.472,37.832,31.746,16.342,6.086,20.738,76.47,33.03,41.92
Poio,Poio (San Salvador),81.063,25.442,16.565,16.275,8.877,22.688,31.39,20.08,27.99
Sanxenxo,Nantes (Santa Baia),99.464,26.724,18.297,16.248,8.427,22.336,26.87,16.34,22.46
A Lama,Gaxate (San Pedro),43.234,30.32,27.787,16.704,2.532,16.809,70.13,38.64,38.88
Redondela,Vilar de Infesta (San Martiño),106.006,33.362,17.941,22.758,15.421,23.547,31.47,21.47,22.21
A Cañiza,Petán (San Xián),123.143,45.186,30.064,16.111,15.122,27.035,36.69,13.08,21.95
Caldas de Reis,San Clemente de Cesar (San Clemente),97.592,25.538,19.412,15.975,6.126,20.4,26.17,16.37,20.9
A Estrada,Berres (San Vicenzo),107.056,40.346,24.735,15.836,15.611,27.113,37.69,14.79,25.33
Barro,Portela (San Mamede),73.073,22.541,17.437,15.784,5.104,19.471,30.85,21.6,26.65
Cotobade,Borela (San Martiño),68.403,37.673,30.701,16.159,6.972,19.939,55.07,23.62,29.15
Ponteareas,Bugarín (Santa Cristina),64.485,22.356,15.571,19.29,6.784,19.591,34.67,29.91,30.38
Ponteareas,Pías (Santa Mariña),99.915,33.903,18.62,21.922,15.282,22.824,33.93,21.94,22.84
A Estrada,Arnois (San Xiao),94.776,31.144,21.014,15.21,10.131,22.528,32.86,16.05,23.77
O Porriño,O Porriño (Santa María),33.93,18.615,15.166,15.212,3.449,17.671,54.86,44.83,52.08
Salceda de Caselas,San Xurxo de Salceda (San Xurxo),40.647,17.832,15.153,15.284,2.679,17.124,43.87,37.6,42.13
Sanxenxo,Padriñán (San Xenxo),84.139,24.609,16.561,15.137,8.047,20.951,29.25,17.99,24.9
Mondariz,Vilasobroso (San Martiño),53.062,30.484,23.562,17.225,6.922,17.594,57.45,32.46,33.16
Portas,Romai (San Xián),131.614,33.922,17.759,24.28,16.163,29.332,25.77,18.45,22.29
Tomiño,Taborda (San Miguel),41.154,19.514,15.342,15.096,4.172,18.11,47.42,36.68,44.01
Arbo,Arbo (Santa María),143.409,31.863,20.734,15.297,11.13,23.141,22.22,10.67,16.14
Covelo,Covelo (Santa Mariña),65.216,35.172,23.773,15.558,11.398,19.353,53.93,23.86,29.68
Ponte Caldelas,A Insua (Santa Mariña),114.709,31.665,23.326,15.457,8.338,20.04,27.6,13.48,17.47
Tui,Baldráns (Santiago),51.461,22.459,16.642,14.902,5.817,19.105,43.64,28.96,37.13
Mos,Guizán (Santa María),62.83,20.62,15.332,17.749,5.287,17.98,32.82,28.25,28.62
Ponteareas,Ponteareas (San Miguel),91.011,31.351,17.625,17.114,13.726,24.951,34.45,18.8,27.42
Redondela,O Viso (Santa María),154.916,39.801,15.414,14.574,24.387,32.191,25.69,9.41,20.78
Redondela,Trasmañó (San Vicente),84.488,28.857,17.274,14.342,11.583,22.71,34.16,16.98,26.88
Salvaterra de Miño,Soutolobre (Santa Comba),40.599,21.816,18.229,14.33,3.587,16.922,53.73,35.3,41.68
Campo Lameiro,Fragas (Santa Mariña),97.406,30.63,15.177,14.266,15.453,25.429,31.45,14.65,26.11
Redondela,Saxamonde (San Román),89.966,30.658,16.259,16.824,14.398,17.614,34.08,18.7,19.58
A Lama,A Lama (San Salvador),80.917,37.108,27.318,15.255,9.79,15.825,45.86,18.85,19.56
Covelo,Santiago de Covelo (Santiago),63.557,35.843,26.667,16.034,9.175,16.511,56.39,25.23,25.98
Ponteareas,Angoares (San Pedro),46.556,21.665,17.195,14.153,4.47,17.383,46.53,30.4,37.34
Cerdedo,Cerdedo (San Xoán),98.311,38.522,28.541,16.932,9.98,20.733,39.18,17.22,21.09
Salvaterra de Miño,Pesqueiras (Santa Mariña),47.375,21.882,15.899,13.993,5.982,18.315,46.19,29.54,38.66
Meis,San Martiño de Meis (San Martiño),69.882,20.49,16.077,13.92,4.412,17.107,29.32,19.92,24.48
Mos,Pereiras (San Miguel),71.782,24.12,14.788,13.87,9.333,20.612,33.6,19.32,28.71
Salceda de Caselas,A Picoña (San Martiño),44.576,19.328,13.776,13.776,5.551,17.787,43.36,30.9,39.9
Gondomar,Borreiros (San Martiño),73.482,25.032,15.538,13.734,9.494,20.593,34.07,18.69,28.02
Pazos de Borbén,Borbén (Santiago),51.522,22.747,15.892,13.6,6.855,16.734,44.15,26.4,32.48
Vilagarcía de Arousa,Cornazo (San Pedro),71.447,22.28,13.583,13.575,8.696,19.857,31.18,19.0,27.79
Vilagarcía de Arousa,Rubiáns (Santa María),90.437,27.059,13.87,13.563,13.188,23.09,29.92,15.0,25.53
Ponteareas,Celeiros (San Fins),58.331,24.339,16.041,13.558,8.298,19.552,41.73,23.24,33.52
Poio,Combarro (San Roque),38.942,17.614,13.945,13.492,3.669,16.142,45.23,34.65,41.45
As Neves,Setados (Santa Euxenia),48.364,19.048,16.022,13.47,3.026,15.656,39.38,27.85,32.37
Tomiño,Piñeiro (San Salvador),38.813,16.798,13.529,13.455,3.27,15.816,43.28,34.67,40.75
Barro,Valiñas (Santo André),47.105,17.365,14.674,15.97,2.691,16.044,36.87,33.9,34.06
Barro,Agudelo (San Martiño),61.78,20.217,15.086,13.466,5.131,17.053,32.72,21.8,27.6
Redondela,Cesantes (San Pedro),164.911,36.755,15.27,13.201,21.485,28.722,22.29,8.0,17.42
Gondomar,Donas (Santa Baia),79.574,24.538,15.123,13.053,9.415,19.854,30.84,16.4,24.95
Vilaboa,Figueirido (Santo André),60.587,20.585,14.842,15.863,5.743,17.558,33.98,26.18,28.98
Cuntis,Piñeiro (San Mamede),80.356,21.71,15.259,12.968,6.451,17.629,27.02,16.14,21.94
Vilaboa,Santa Comba de Bértola (Santa Comba),66.598,22.298,15.392,17.675,6.906,18.905,33.48,26.54,28.39
A Estrada,Matalobos (Santa Baia),116.29,36.283,22.047,12.775,14.236,23.059,31.2,10.99,19.83
A Estrada,A Estrada (San Paio),99.664,33.666,20.631,12.691,13.035,22.108,33.78,12.73,22.18
Tui,Areas (Santa Mariña),67.869,20.46,14.105,12.652,6.356,17.243,30.15,18.64,25.41
Gondomar,Morgadáns (Santiago),90.317,20.346,12.995,12.623,7.351,17.933,22.53,13.98,19.86
Tui,Rebordáns (San Bartolomeu),71.844,27.775,16.714,12.545,11.061,20.535,38.66,17.46,28.58
Tui,Guillarei (San Mamede),98.978,29.658,14.863,12.536,14.795,23.224,29.96,12.67,23.46
A Estrada,Codeseda (San Xurxo),128.001,38.581,24.868,12.562,13.713,21.414,30.14,9.81,16.73
Moaña,Moaña (San Martiño),68.355,26.632,15.273,12.391,11.359,20.597,38.96,18.13,30.13
Pazos de Borbén,Nespereira (San Martiño),49.724,20.561,13.411,12.346,7.15,12.762,41.35,24.83,25.67
Redondela,Reboreda (Santa María),167.225,35.25,12.331,12.333,22.919,28.874,21.08,7.38,17.27
As Neves,San Xosé de Ribarteme (San Xosé),65.452,23.743,16.764,12.315,6.979,17.356,36.28,18.82,26.52
Mondariz,Frades (San Martiño),55.66,28.279,20.666,13.121,7.613,13.468,50.81,23.57,24.2
Cotobade,Viascón (Santiago),41.444,18.358,13.833,12.179,4.525,15.448,44.29,29.39,37.27
Portas,Lantaño (San Pedro),75.784,19.329,14.685,16.394,4.645,16.616,25.51,21.63,21.93
Tomiño,Amorín (San Xoán),45.379,17.271,13.486,11.983,3.785,14.717,38.06,26.41,32.43
Baiona,Baíña (Santa Mariña),38.861,15.212,11.82,11.82,3.392,14.27,39.14,30.42,36.72
Cotobade,Carballedo (San Miguel),60.33,25.525,16.266,16.301,9.26,16.685,42.31,27.02,27.66
Marín,O Campo (Santa María),30.746,14.184,12.452,11.732,1.733,12.984,46.13,38.16,42.23
Tomiño,Tebra (Santa María),49.097,18.876,13.469,11.699,5.407,15.605,38.45,23.83,31.78
Mondariz,Meirol (Santo André),42.296,22.387,15.863,13.125,6.524,13.626,52.93,31.03,32.22
Silleda,Silleda (Santa Baia),150.387,48.642,28.754,11.659,19.888,25.343,32.34,7.75,16.85
Meaño,Dena (Santa Eulalia),172.497,25.978,12.426,11.567,13.551,21.356,15.06,6.71,12.38
As Neves,Vide (Santa María),64.85,21.904,16.354,11.555,5.55,15.564,33.78,17.82,24.0
Salvaterra de Miño,Porto (San Paulo),53.946,16.483,13.305,11.537,3.178,13.832,30.55,21.39,25.64
Tui,Caldelas de Tui (San Martiño),59.338,20.695,13.188,11.532,7.507,16.955,34.88,19.43,28.57
Poio,Samieira (Santa María),56.006,21.686,15.953,11.5,5.733,15.642,38.72,20.53,27.93
Lalín,Losón (Santa Baia),95.485,21.649,14.441,11.25,7.208,16.456,22.67,11.78,17.23
Meis,San Lourenzo de Nogueira (San Lourenzo),54.06,17.212,11.631,11.234,5.581,15.266,31.84,20.78,28.24
As Neves,San Cibrán de Ribarteme (San Cibrán),46.32,16.846,13.027,11.233,3.819,13.992,36.37,24.25,30.21
A Estrada,Moreira (San Miguel),105.713,26.833,18.203,11.227,8.63,17.462,25.38,10.62,16.52
Fornelos de Montes,Fornelos de Montes (San Lourenzo),83.808,35.941,22.375,15.166,13.566,15.67,42.88,18.1,18.7
A Estrada,San Xurxo de Vea (San Xurxo),100.724,23.832,13.946,11.151,9.886,18.293,23.66,11.07,18.16
Ponteareas,Prado (San Nicolao),39.868,17.089,12.881,13.065,4.208,13.25,42.86,32.77,33.23
As Neves,Rubiós (San Xoán),65.426,19.341,11.911,11.099,7.43,16.467,29.56,16.96,25.17
Crecente,Angudes (San Xoán),22.851,16.902,14.135,11.064,2.767,13.062,73.97,48.42,57.16
Moraña,Lamas (Santa Cruz),52.645,20.175,13.72,10.922,6.455,15.586,38.32,20.75,29.61
Baiona,Belesar (San Lourenzo),65.849,18.979,12.205,10.919,6.774,15.812,28.82,16.58,24.01
A Estrada,Oca (Santo Estevo),80.756,24.447,14.486,14.002,9.962,18.931,30.27,17.34,23.44
Sanxenxo,Vilalonga (San Pedro),137.177,23.091,11.457,10.844,11.633,19.248,16.83,7.91,14.03
Meis,San Tomé de Nogueira (San Tomé),42.847,15.325,10.842,10.842,4.483,14.08,35.77,25.3,32.86
Nigrán,Camos (Santa Baia),79.079,23.117,13.079,10.769,10.038,18.02,29.23,13.62,22.79
A Estrada,Vinseiro (Santa Cristina),72.181,23.872,14.354,14.43,9.518,15.891,33.07,19.99,22.02
Mos,Dornelas (Santa María),58.823,18.538,12.424,12.522,6.115,14.999,31.52,21.29,25.5
Salvaterra de Miño,Corzáns (San Miguel),44.385,21.421,14.861,10.669,6.561,15.409,48.26,24.04,34.72
Cangas,Coiro (San Salvador),150.624,44.283,16.17,10.632,28.114,30.941,29.4,7.06,20.54
Poio,Raxó (San Gregorio),28.321,13.335,10.555,10.555,2.78,12.564,47.09,37.27,44.36
Sanxenxo,Bordóns (San Pedro),53.46,15.29,10.815,10.513,4.475,13.745,28.6,19.67,25.71
Nigrán,Priegue (San Mamede),73.86,21.996,11.702,10.489,10.294,17.925,29.78,14.2,24.27
Tui,Pazos de Reis (O Sagrario),42.751,16.62,12.414,10.481,4.206,13.52,38.88,24.52,31.62
Gondomar,Couso (San Cristovo),41.222,13.83,10.461,10.461,3.369,12.895,33.55,25.38,31.28
Gondomar,Gondomar (San Bieito),67.146,19.004,12.352,10.435,6.652,15.241,28.3,15.54,22.7
Nigrán,Nigrán (San Fiz),89.548,28.212,12.569,10.421,15.643,21.721,31.5,11.64,24.26
Caldas de Reis,Caldas de Reis (Santa María),62.634,17.217,11.746,10.327,5.47,14.207,27.49,16.49,22.68
Crecente,O Freixo (San Roque),24.715,16.292,14.084,10.214,2.208,11.809,65.92,41.33,47.78
Tomiño,Vilameán (San Bieito),31.968,13.569,10.795,10.131,2.774,12.135,42.45,31.69,37.96
Tui,Paramos (San Xoán),44.648,18.201,12.234,10.13,5.967,14.441,40.77,22.69,32.34
A Estrada,Ribeira (Santa Mariña),74.76,23.674,14.485,10.112,9.189,16.75,31.67,13.53,22.41
Ribadumia,Lois (San Fins),76.798,17.167,10.864,10.101,6.304,14.655,22.35,13.15,19.08
Caldas de Reis,Arcos da Condesa (Santa Mariña),82.376,23.032,12.015,18.737,11.017,20.445,27.96,22.75,24.82
O Rosal,As Eiras (San Bartolomeu),27.745,12.742,10.089,10.016,2.653,11.932,45.93,36.1,43.01
Gondomar,Chaín (Santa María),63.521,18.967,12.004,9.976,6.963,15.006,29.86,15.71,23.62
O Rosal,San Miguel de Tabagón (San Miguel),31.873,11.548,9.959,9.899,1.589,11.047,36.23,31.06,34.66
Crecente,A Ameixeira (San Bernabeu),36.542,16.895,12.027,9.866,4.868,13.383,46.24,27.0,36.62
Soutomaior,Arcade (Santiago),82.937,18.974,10.392,9.857,8.582,16.057,22.88,11.88,19.36
Baiona,Baredo (Santa María),54.865,15.648,9.78,9.78,5.868,14.019,28.52,17.83,25.55
A Cañiza,Luneda (Santa María),63.772,25.198,10.855,9.727,14.343,20.088,39.51,15.25,31.5
Catoira,Oeste (Santa Baia),51.4,17.497,10.831,9.724,6.666,14.539,34.04,18.92,28.29
Arbo,Cequeliños (San Miguel),48.078,15.693,11.676,9.625,4.017,12.526,32.64,20.02,26.05
Ponteareas,Arnoso (San Lourenzo),37.621,14.274,11.021,9.619,3.254,11.969,37.94,25.57,31.81
Cotobade,Almofrei (San Lourenzo),29.894,18.858,15.902,9.602,2.956,11.738,63.08,32.12,39.27
Mondariz,Gargamala (Santa María),76.324,31.144,18.762,9.444,12.382,9.778,40.81,12.37,12.81
Sanxenxo,Gondar (San Tomé),75.402,17.202,11.293,9.414,5.909,13.683,22.81,12.49,18.15
Caldas de Reis,Carracedo (Santa Mariña),75.52,16.715,9.696,9.381,7.019,14.452,22.13,12.42,19.14
Tomiño,Currás (San Martiño),24.823,13.06,11.016,9.332,2.043,10.809,52.61,37.59,43.54
Tomiño,Figueiró (San Martiño),25.024,12.012,10.761,9.325,1.252,10.229,48.0,37.26,40.88
Redondela,Negros (Santo Estevo),67.534,20.984,12.448,10.833,8.536,11.342,31.07,16.04,16.79
Moraña,Laxe (San Martiño),58.036,18.36,11.725,9.25,6.635,14.043,31.64,15.94,24.2
Crecente,Quintela (San Caetano),33.483,15.456,13.255,9.241,2.201,10.831,46.16,27.6,32.35
Lalín,Lalín (Santa María das Dores),137.994,47.379,27.097,9.22,20.282,23.872,34.33,6.68,17.3
Vilanova de Arousa,Caleiro (Santa María),146.788,21.814,9.237,9.176,12.577,18.262,14.86,6.25,12.44
Forcarei,Forcarei (San Martiño),106.433,46.954,27.269,10.256,19.685,11.242,44.12,9.64,10.56
Marín,Mogor (San Xurxo),29.564,12.823,10.052,9.009,2.772,11.011,43.38,30.47,37.24
A Lama,Xende (San Paulo),36.567,20.656,16.356,9.653,4.3,9.947,56.49,26.4,27.2
Oia,Burgueira (San Pedro),60.627,15.098,10.04,8.909,5.058,12.563,24.9,14.69,20.72
Redondela,Cabeiro (San Xoán),56.262,18.545,9.906,8.869,8.639,8.989,32.96,15.76,15.98
A Estrada,Orazo (San Pedro),92.591,18.648,10.054,15.076,8.595,16.29,20.14,16.28,17.59
Campo Lameiro,O Couso (San Cristovo),54.506,16.158,10.917,8.823,5.241,12.609,29.64,16.19,23.13
Silleda,Manduas (San Tirso),129.933,29.5,10.977,8.795,18.524,22.176,22.7,6.77,17.07
Lalín,Vilatuxe (San Lourenzo),135.429,37.676,21.716,9.233,15.96,10.526,27.82,6.82,7.77
Oia,Mougás (Santa Uxía),52.857,13.426,8.76,8.76,4.667,12.131,25.4,16.57,22.95
Oia,Pedornes (San Mamede),33.282,14.513,8.706,8.706,5.807,12.901,43.61,26.16,38.76
Ponte Caldelas,Anceu (Santo André),38.37,18.866,11.708,8.701,7.158,9.009,49.17,22.68,23.48
Vilagarcía de Arousa,Cea (San Pedro),111.355,29.016,9.214,8.665,19.801,22.97,26.06,7.78,20.63
Tomiño,Estás (Santiago),34.068,15.149,10.452,8.575,4.697,11.969,44.47,25.17,35.13
Ponteareas,Fontenla (San Mamede),44.782,18.464,11.424,8.567,7.04,13.653,41.23,19.13,30.49
Barro,Curro (Santa María),53.491,17.126,8.636,8.512,8.489,14.645,32.02,15.91,27.38
Cotobade,Valongo (Santo André),34.664,19.696,14.638,8.928,5.058,9.159,56.82,25.76,26.42
Silleda,Cira (Santa Baia),61.896,19.029,12.264,13.161,6.764,13.465,30.74,21.26,21.75
A Lama,Antas (Santiago),43.485,26.958,23.588,8.606,3.37,8.921,61.99,19.79,20.51
Redondela,Quintela (San Mamede),99.126,23.172,8.492,13.232,14.68,15.752,23.38,13.35,15.89
Silleda,Dornelas (San Martiño),45.069,13.487,9.684,11.74,3.803,11.922,29.92,26.05,26.45
A Lama,Verducido (San Martiño),46.403,25.434,18.362,10.519,7.072,10.815,54.81,22.67,23.31
Vilanova de Arousa,Deiro (San Miguel),116.397,19.837,8.12,8.12,11.716,16.584,17.04,6.98,14.25
A Estrada,Riobó (San Martiño),62.88,21.081,12.056,8.085,9.025,14.604,33.53,12.86,23.23
Gondomar,Peitieiros (San Miguel),71.137,20.692,8.647,8.084,12.046,16.786,29.09,11.36,23.6
Cotobade,Sacos (Santa María),52.259,25.618,18.792,8.051,6.826,12.982,49.02,15.41,24.84
Salvaterra de Miño,Uma (Santo André),42.468,21.096,12.082,8.05,9.014,14.561,49.67,18.96,34.29
A Estrada,Callobre (San Martiño),123.373,24.69,11.036,8.031,13.654,17.894,20.01,6.51,14.5
A Estrada,Ouzande (San Lourenzo),93.79,32.51,20.566,8.011,11.945,16.64,34.66,8.54,17.74
Meaño,Lores (San Miguel),69.137,11.606,8.741,7.947,2.865,10.017,16.79,11.49,14.49
Salvaterra de Miño,Vilacova (San Xoán),38.674,20.876,14.477,7.907,6.399,12.53,53.98,20.45,32.4
A Estrada,Toedo (San Pedro),58.909,15.27,9.816,7.861,5.454,11.801,25.92,13.34,20.03
A Estrada,Loimil (Santa María),69.687,16.531,9.064,13.668,7.467,14.171,23.72,19.61,20.33
A Estrada,Curantes (San Miguel),66.756,21.997,14.168,7.762,7.83,13.418,32.95,11.63,20.1
Catoira,Catoira (San Miguel),43.546,12.314,8.714,7.604,3.6,10.204,28.28,17.46,23.43
Cuntis,Arcos (San Breixo),85.281,19.782,11.714,7.565,8.068,13.393,23.2,8.87,15.7
Cambados,Oubiña (San Vicenzo),59.078,10.705,7.648,7.52,3.057,9.728,18.12,12.73,16.47
As Neves,Tortoreos (Santiago),72.791,17.448,10.026,7.519,7.422,12.881,23.97,10.33,17.7
Meaño,Meaño (San Xoán),46.297,9.556,7.504,7.504,2.052,8.987,20.64,16.21,19.41
Baiona,Baiona (Santa María),19.255,7.698,7.498,7.498,0.2,7.643,39.98,38.94,39.69
Ponteareas,Cumiar (Santo Estevo),38.313,17.442,11.154,9.05,6.288,9.338,45.53,23.62,24.37
A Estrada,Santa Cristina de Vea (Santa Cristina),81.756,18.271,9.828,7.441,8.443,13.54,22.35,9.1,16.56
Vilagarcía de Arousa,O Carril (Santiago de Fóra),71.7,19.398,7.668,7.388,11.73,15.862,27.05,10.3,22.12
A Estrada,Santeles (San Xoán),101.996,21.582,11.956,7.251,9.626,14.205,21.16,7.11,13.93
Lalín,Bendoiro (San Miguel),71.761,24.708,14.066,7.242,10.642,14.93,34.43,10.09,20.81
A Estrada,Lagartóns (Santo Estevo),47.532,14.721,10.666,7.18,4.056,10.11,30.97,15.11,21.27
Vilanova de Arousa,András (San Lourenzo),55.321,12.553,7.618,7.126,4.935,10.691,22.69,12.88,19.33
Ribadumia,Ribadumia (Santa Baia),131.277,14.96,7.965,7.099,6.995,12.152,11.4,5.41,9.26
Tomiño,Pinzás (Santa María),24.209,9.633,6.946,6.946,2.687,8.887,39.79,28.69,36.71
As Neves,As Neves (Santa María),52.285,14.146,8.084,6.942,6.062,11.321,27.06,13.28,21.65
As Neves,Santiago de Ribarteme (Santiago),51.025,14.233,8.811,6.877,5.422,10.794,27.89,13.48,21.15
A Estrada,Remesar (San Cristovo),37.393,13.219,8.017,9.387,5.202,11.125,35.35,25.1,29.75
Portas,Briallos (San Cristovo),63.772,14.967,9.024,11.726,5.943,12.466,23.47,18.39,19.55
Ponteareas,San Lourenzo de Oliveira (San Lourenzo),33.941,16.914,9.413,9.556,7.501,9.868,49.83,28.16,29.07
Cuntis,Estacas (San Fiz),42.114,11.626,8.235,6.725,3.391,9.174,27.6,15.97,21.78
Moaña,Meira (Santa Eulalia),56.865,13.968,6.734,6.656,7.234,11.882,24.56,11.7,20.9
Fornelos de Montes,As Estacas (Santa María),37.778,15.545,11.188,6.719,4.357,6.958,41.15,17.79,18.42
O Rosal,Tabagón (San Xoán),22.035,7.724,6.594,6.594,1.13,7.41,35.05,29.93,33.63
A Estrada,Aguións (Santa María),61.971,13.728,9.31,6.591,4.418,9.783,22.15,10.64,15.79
Campo Lameiro,Moimenta (Santa María),45.434,14.366,6.896,6.573,7.47,11.969,31.62,14.47,26.34
Ponte Caldelas,Caritel (Santa María),51.61,19.771,12.573,6.549,7.198,6.902,38.31,12.69,13.37
Ponte Caldelas,Forzáns (San Fiz),28.182,13.358,8.546,8.224,4.812,8.47,47.4,29.18,30.06
A Estrada,Couso (Santa María),48.015,14.745,8.884,6.428,5.861,10.663,30.71,13.39,22.21
Nigrán,Parada (Santiago),48.178,13.667,8.241,6.261,5.426,10.181,28.37,13.0,21.13
Lalín,Filgueira (Santa María),124.701,37.838,19.39,6.254,18.448,19.581,30.34,5.02,15.7
Marín,Seixo (Nosa Señora do Carme),37.727,12.818,8.269,6.242,4.549,9.528,33.98,16.55,25.26
Nigrán,A Ramallosa (San Pedro),82.602,18.648,6.439,6.223,12.209,15.043,22.58,7.53,18.21
Covelo,Maceira (San Salvador),77.649,30.618,16.771,6.176,13.847,7.791,39.43,7.95,10.03
Baiona,Santa Cristina da Ramallosa (Santa Cristina),25.362,9.903,6.167,6.167,3.736,8.866,39.05,24.32,34.96
Fornelos de Montes,Ventín (San Miguel),43.845,16.528,11.004,6.132,5.524,6.184,37.7,13.99,14.1
Oia,Loureza (San Mamede),44.162,15.025,9.615,6.066,5.41,9.975,34.02,13.74,22.59
Silleda,Lamela (San Miguel),79.712,19.808,8.832,8.833,10.976,14.772,24.85,11.08,18.53
Meaño,Padrenda (San Martiño),64.157,9.004,6.042,6.042,2.962,8.182,14.03,9.42,12.75
Cuntis,Portela (Santa Eulalia),50.055,12.087,7.071,6.01,5.015,9.633,24.15,12.01,19.24
Redondela,Redondela (Santiago),57.384,16.82,6.022,5.984,10.798,13.784,29.31,10.43,24.02
Covelo,Casteláns (Santo Estevo),43.512,21.242,13.413,6.358,7.829,6.737,48.82,14.61,15.48
Oia,Viladesuso (San Miguel),23.993,8.202,6.034,5.912,2.168,7.478,34.19,24.64,31.17
Cotobade,Rebordelo (San Martiño),43.299,22.929,16.321,7.107,6.608,7.698,52.95,16.41,17.78
Salvaterra de Miño,Lourido (Santo André),18.114,7.589,6.42,5.758,1.17,6.603,41.9,31.79,36.45
Meaño,Covas (Santa Cristina),42.24,8.071,6.132,5.728,1.939,7.129,19.11,13.56,16.88
Sanxenxo,Arra (San Amaro),41.655,8.787,5.661,5.661,3.125,7.919,21.09,13.59,19.01
A Estrada,Rubín (Santa María),87.842,16.539,6.923,5.64,9.616,12.587,18.83,6.42,14.33
Mondariz,Queimadelos (Santa María),18.293,8.394,6.535,6.535,1.859,6.623,45.89,35.73,36.21
Mondariz-Balneario,Mondariz-Balneario (Nosa Señora de Lurdes),39.189,19.037,9.381,6.898,9.656,7.336,48.58,17.6,18.72
Silleda,Abades (Santa María),51.71,14.855,7.357,5.612,7.499,11.029,28.73,10.85,21.33
Lalín,O Cello (San Martiño),102.568,23.815,11.243,5.592,12.572,14.674,23.22,5.45,14.31
Moaña,Tirán (San Xoán),53.928,16.932,7.264,5.563,9.667,12.546,31.4,10.32,23.26
As Neves,Batalláns (Santa Eulalia),41.761,17.027,11.735,5.727,5.292,8.792,40.77,13.71,21.05
A Lama,Escuadra (San Lourenzo),56.807,22.048,12.204,8.123,9.844,8.639,38.81,14.3,15.21
Valga,Campaña (Santa Cristina),66.258,17.945,9.662,13.429,8.282,13.641,27.08,20.27,20.59
Pontecesures,Pontecesures (San Xulián),64.841,18.113,6.61,12.878,11.504,15.113,27.94,19.86,23.31
Lalín,Galegos (San Miguel),47.176,11.68,5.802,5.386,5.878,9.632,24.76,11.42,20.42
A Estrada,Lamas (San Breixo),49.294,11.024,6.543,5.383,4.481,8.62,22.36,10.92,17.49
A Estrada,Frades (Santa María),38.261,9.466,6.428,6.375,3.037,7.336,24.74,16.66,19.17
Cambados,Corvillón (San Amedio),119.822,13.192,5.34,5.34,7.852,11.012,11.01,4.46,9.19
A Estrada,Tabeirós (Santiago),66.462,16.299,9.266,5.641,7.033,10.401,24.52,8.49,15.65
Silleda,Escuadro (San Salvador),124.519,24.541,10.854,8.444,13.687,9.163,19.71,6.78,7.36
Cotobade,Loureiro (Santiago),40.427,24.577,15.587,5.614,8.99,8.779,60.79,13.89,21.71
A Lama,Covelo (San Sebastián),66.67,30.282,22.905,5.731,7.377,9.837,45.42,8.6,14.75
A Estrada,San Xiao de Vea (San Xiao),64.223,16.591,9.113,5.261,7.478,10.663,25.83,8.19,16.6
Tomiño,Forcadela (San Pedro),35.28,9.289,5.844,5.19,3.445,7.678,26.33,14.71,21.76
A Estrada,Barbude (San Martiño),33.352,10.34,7.434,5.187,2.905,7.286,31.0,15.55,21.85
Cuntis,Cequeril (Santa María),47.597,15.536,9.278,5.175,6.257,9.695,32.64,10.87,20.37
A Guarda,A Guarda (Santa María),23.176,6.315,5.173,5.173,1.141,5.998,27.25,22.32,25.88
Redondela,Ventosela (San Martiño),61.252,13.959,5.205,5.167,8.754,11.491,22.79,8.44,18.76
Ponte Caldelas,Xustáns (San Martiño),64.732,14.702,8.874,5.65,5.828,9.332,22.71,8.73,14.42
Lalín,Donramiro (Santa María),99.687,35.144,20.797,4.998,14.346,15.362,35.25,5.01,15.41
Moraña,Amil (San Mamede),64.173,15.29,7.425,4.949,7.864,10.63,23.83,7.71,16.56
A Estrada,Nigoi (Santa María),53.027,16.224,8.798,4.944,7.426,10.308,30.6,9.32,19.44
Lalín,Botos (San Xoán),138.095,47.311,28.455,4.928,18.856,18.55,34.26,3.57,13.43
Oia,Oia (Santa María),26.341,7.88,4.877,4.877,3.003,7.047,29.92,18.51,26.75
Arbo,Cabeiras (San Sebastián),45.373,12.276,7.507,5.281,4.769,8.434,27.06,11.64,18.59
A Estrada,Paradela (Santa María),37.944,12.12,7.243,4.849,4.878,8.373,31.94,12.78,22.07
Lalín,Prado (San Martiño),47.481,15.969,9.502,4.834,6.466,9.505,33.63,10.18,20.02
Campo Lameiro,Montes (San Isidro),28.143,10.231,6.805,4.78,3.426,7.255,36.35,16.98,25.78
Lalín,Castro de Cabras (San Pedro),80.655,14.358,7.149,4.621,7.209,9.828,17.8,5.73,12.19
Lalín,Val do Carrio (Santo André),25.564,9.695,7.468,4.616,2.228,6.225,37.93,18.06,24.35
Arbo,Sela (Santa María),46.732,14.76,6.417,4.614,8.343,10.64,31.58,9.87,22.77
Lalín,Cercio (Santiago),71.986,18.787,8.454,4.598,10.333,12.063,26.1,6.39,16.76
Ribadumia,Leiro (San Xoán),70.054,10.432,5.582,4.596,4.851,8.1,14.89,6.56,11.56
A Estrada,Arca (San Miguel),49.752,11.206,7.064,4.587,4.142,7.579,22.52,9.22,15.23
A Estrada,Santo André de Vea (Santo André),90.839,13.302,5.666,4.58,7.636,10.097,14.64,5.04,11.12
Nigrán,Chandebrito (San Xosé),32.783,7.837,5.222,4.557,2.615,6.446,23.9,13.9,19.66
Covelo,Paraños (Santa María),39.938,13.521,6.168,4.55,7.353,9.655,33.85,11.39,24.17
Lalín,Doade (San Pedro),61.755,21.483,14.816,4.444,6.667,4.533,34.79,7.2,7.34
A Estrada,Agar (Santa Mariña),47.827,10.511,5.28,4.8,5.231,7.869,21.98,10.04,16.45
Pazos de Borbén,A Ermida (Nosa Señora da Anunciación),12.416,6.879,5.958,4.39,0.922,5.056,55.4,35.36,40.72
Arbo,Barcela (San Xoán),59.598,14.047,4.946,4.362,9.102,10.937,23.57,7.32,18.35
Lalín,Busto (San Facundo),19.711,6.95,5.761,4.19,1.189,5.049,35.26,21.26,25.62
Lalín,Moimenta (San Lourenzo),37.647,11.436,5.495,4.148,5.941,8.44,30.38,11.02,22.42
Moraña,San Lourenzo de Moraña (San Lourenzo),35.542,10.296,5.033,4.136,5.264,7.938,28.97,11.64,22.33
Ponteareas,Paredes (San Cibrán),21.148,6.698,4.862,4.679,1.835,4.848,31.67,22.13,22.92
Vilagarcía de Arousa,Solobeira (San Fins),26.283,6.323,4.306,4.073,2.017,5.53,24.06,15.5,21.04
Lalín,Noceda (Santa María),53.785,13.454,7.592,4.062,5.862,8.297,25.01,7.55,15.43
A Lama,Seixido (San Bartolomeu),85.569,44.321,36.931,4.023,7.39,9.361,51.8,4.7,10.94
Silleda,Moalde (San Mamede),66.203,14.248,6.213,4.597,8.035,7.023,21.52,6.94,10.61
Silleda,Margaride (San Fiz),42.129,10.756,5.53,4.535,5.225,6.458,25.53,10.77,15.33
Moraña,Gargantáns (San Martiño),26.424,6.118,4.753,3.93,1.365,4.916,23.15,14.87,18.6
Lalín,Cadrón (Santo Estevo),35.535,10.963,6.19,3.917,4.773,7.365,30.85,11.02,20.73
Lalín,Bermés (Santa María),89.98,25.657,8.806,3.911,16.851,16.084,28.51,4.35,17.88
Crecente,Sendelle (Santa Cruz),20.606,13.875,8.822,3.89,5.053,7.54,67.33,18.88,36.59
A Estrada,San Pedro de Ancorados (San Pedro),54.816,11.712,5.623,3.889,6.089,8.288,21.37,7.09,15.12
Silleda,Siador (San Miguel),54.682,15.665,7.907,3.903,7.758,9.307,28.65,7.14,17.02
A Estrada,San Tomé de Ancorados (San Tomé),38.073,7.999,4.388,3.856,3.61,6.464,21.01,10.13,16.98
Lalín,Zobra (Santa Mariña),42.327,14.578,9.468,4.379,5.11,6.382,34.44,10.35,15.08
A Estrada,Cereixo (San Xurxo),45.611,8.946,4.775,4.024,4.171,6.849,19.61,8.82,15.02
Cerdedo,Quireza (San Tomé),56.211,14.243,6.533,6.978,7.71,8.171,25.34,12.41,14.54
Cerdedo,Folgoso (Santa María),41.319,15.852,8.828,7.182,7.023,7.451,38.36,17.38,18.03
Forcarei,A Madanela de Montes (Santa María Madanela),57.736,24.593,12.932,3.679,11.661,9.467,42.6,6.37,16.4
Cambados,Vilariño (Santo Adrián),178.393,12.901,3.644,3.644,9.257,10.331,7.23,2.04,5.79
Lalín,A Xesta (San Fiz),69.737,26.319,15.708,4.717,10.611,5.187,37.74,6.76,7.44
Lalín,Méixome (Santiago),36.977,7.753,5.217,3.635,2.536,5.467,20.97,9.83,14.78
Cuntis,Couselo (San Miguel),28.106,6.836,4.679,3.621,2.157,5.179,24.32,12.88,18.43
Silleda,Negreiros (San Martiño),59.468,11.759,4.249,4.395,7.51,8.147,19.77,7.39,13.7
Pazos de Borbén,Moscoso (San Paio),22.166,6.132,4.113,3.572,2.019,3.573,27.66,16.11,16.12
Agolada,Ferreiroa (San Pedro),45.212,10.901,4.099,3.536,6.803,8.451,24.11,7.82,18.69
Vilagarcía de Arousa,Arealonga (Santa Baia),78.267,18.06,3.674,3.509,14.386,13.901,23.07,4.48,17.76
Silleda,Piñeiro (San Xiao),65.601,11.198,4.807,3.91,6.391,8.215,17.07,5.96,12.52
Agolada,A Baíña (San Pedro),12.96,5.098,3.813,3.474,1.285,4.402,39.34,26.81,33.97
Forcarei,Pardesoa (Santiago),36.901,18.281,12.54,3.469,5.741,7.616,49.54,9.4,20.64
As Neves,San Pedro de Batalláns (San Pedro),26.374,12.199,9.278,3.467,2.921,5.578,46.25,13.15,21.15
Meaño,Simes (Santa María),62.428,8.352,3.597,3.392,4.755,6.827,13.38,5.43,10.94
Lalín,Catasós (Santiago),131.452,35.846,17.459,3.63,18.386,14.721,27.27,2.76,11.2
As Neves,Cerdeira (San Xoán),27.781,8.812,4.954,6.051,3.858,6.853,31.72,21.78,24.67
Lalín,Madriñán (Santo Adrao),36.409,9.38,4.227,3.292,5.152,7.014,25.76,9.04,19.26
Fornelos de Montes,Calvos (Santo Adrián),32.768,11.516,7.379,4.741,4.137,4.898,35.14,14.47,14.95
Covelo,O Piñeiro (San Xoán),25.587,7.631,4.852,3.234,2.779,3.316,29.82,12.64,12.96
A Estrada,Cora (San Miguel),56.058,11.255,7.112,3.195,4.143,6.188,20.08,5.7,11.04
Lalín,Rodís (San Xiao),30.962,7.674,4.33,3.172,3.344,5.588,24.78,10.24,18.05
As Neves,Liñares (Santa María),35.517,9.079,3.465,3.109,5.613,7.164,25.56,8.75,20.17
Nigrán,Panxón (San Xoán),62.444,13.363,3.188,3.085,10.175,10.435,21.4,4.94,16.71
Agolada,Artoño (Santalla),14.116,5.885,3.082,3.082,2.803,5.107,41.69,21.83,36.18
A Estrada,Olives (Santa María),33.918,9.767,6.175,3.059,3.592,5.654,28.8,9.02,16.67
Cerdedo,Parada (San Pedro),20.091,10.796,6.846,3.049,3.949,3.052,53.74,15.18,15.19
Silleda,Rellas (San Martiño),41.084,9.456,4.857,4.948,4.599,5.227,23.02,12.04,12.72
Silleda,Parada (San Tomé),47.736,10.251,4.604,4.473,5.647,4.813,21.48,9.37,10.08
Agolada,Eidián (Santiago),23.233,7.31,3.916,6.103,3.394,6.256,31.46,26.27,26.93
A Estrada,Souto (Santo André),55.897,15.051,6.614,3.026,8.436,9.12,26.93,5.41,16.32
Silleda,Breixa (Santiago),42.496,9.493,3.849,3.025,5.644,7.102,22.34,7.12,16.71
Ponte Caldelas,Castro Barbudo (Santa María),16.198,5.602,3.981,3.568,1.62,3.645,34.58,22.03,22.5
Lalín,Anzo (San Xoán),40.678,7.403,3.658,3.007,3.745,5.712,18.2,7.39,14.04
Silleda,Chapa (San Cibrao),35.339,7.658,3.321,3.77,4.338,5.482,21.67,10.67,15.51
Silleda,Fiestras (San Martiño),34.194,7.294,4.79,3.326,2.504,3.416,21.33,9.73,9.99
A Estrada,A Somoza (Santo André),46.411,10.437,5.954,2.949,4.483,6.187,22.49,6.35,13.33
Pazos de Borbén,Pazos (Santa María),32.029,10.836,5.265,2.933,5.572,6.958,33.83,9.16,21.72
A Estrada,Parada (San Pedro),55.292,11.878,4.428,4.772,7.45,5.091,21.48,8.63,9.21
Silleda,Cortegada (Santa María),72.36,15.983,8.418,5.373,7.565,6.178,22.09,7.43,8.54
Silleda,Graba (Santa María),59.559,12.686,6.977,4.036,5.709,4.32,21.3,6.78,7.25
Cerdedo,Figueiroa (San Martiño),36.694,12.712,7.048,2.829,5.664,3.914,34.64,7.71,10.67
Forcarei,Millarada (San Amedio),95.372,31.568,15.562,3.482,16.006,4.314,33.1,3.65,4.52
Lalín,Gresande (Santiago),53.287,14.856,8.14,2.731,6.716,7.582,27.88,5.13,14.23
A Estrada,Ribela (Santa Mariña),47.874,11.187,6.359,3.442,4.828,3.682,23.37,7.19,7.69
Lalín,Cangas (Santa Mariña),36.134,7.721,3.516,2.674,4.205,5.711,21.37,7.4,15.81
Lalín,Soutolongo (Santa María),89.465,30.856,16.653,2.662,14.203,4.035,34.49,2.98,4.51
Ribadumia,Barrantes (Santo André),81.482,7.968,2.684,2.561,5.284,6.379,9.78,3.14,7.83
Lalín,Goiás (San Miguel),140.695,30.72,9.22,2.529,21.5,18.06,21.83,1.8,12.84
Lalín,Santiso (San Román),56.8,9.475,3.822,2.472,5.653,6.556,16.68,4.35,11.54
Lalín,Alemparte (Santa María),14.988,3.615,2.468,2.464,1.146,3.292,24.12,16.44,21.96
Ribadumia,Besomaño (Santa María),31.959,3.906,2.467,2.407,1.438,3.446,12.22,7.53,10.78
Lalín,Xaxán (Santa María da Saleta),53.289,15.402,7.925,2.35,7.477,7.752,28.9,4.41,14.55
Lalín,A Veiga (San Ramón),59.8,10.251,3.416,2.343,6.835,7.281,17.14,3.92,12.18
Agolada,Brocos (San Miguel),14.778,5.327,2.916,2.333,2.41,4.074,36.05,15.79,27.57
Silleda,Taboada (Santiago),47.718,12.606,8.566,2.321,4.039,5.239,26.42,4.86,10.98
Agolada,Berredo (Santa María),22.148,6.956,2.797,2.983,4.159,5.276,31.41,13.47,23.82
Silleda,Vilar (San Martiño),29.242,9.489,6.456,2.287,3.033,4.478,32.45,7.82,15.31
Moraña,Cosoirado (Santa María),7.914,3.435,2.833,2.247,0.602,2.682,43.4,28.39,33.89
Agolada,Santa Comba (San Xoán),19.499,3.784,2.529,2.235,1.254,3.141,19.4,11.46,16.11
A Estrada,Barcala (Santa Mariña),20.482,6.301,3.02,3.164,3.28,4.474,30.76,15.45,21.85
Cerdedo,Tomonde (Santa María),26.282,10.529,6.577,2.349,3.952,2.553,40.06,8.94,9.71
Agolada,Órrea (Santo André),9.789,3.739,2.211,2.211,1.528,3.315,38.19,22.59,33.86
Ponte Caldelas,Taboadelo (Santiago),17.463,5.038,3.642,2.161,1.396,3.17,28.85,12.37,18.15
Lalín,Lebozán (Santiago),52.628,18.198,10.686,3.02,7.512,3.443,34.58,5.74,6.54
Agolada,Borraxeiros (San Cristovo),55.102,13.309,4.469,2.371,8.84,8.247,24.15,4.3,14.97
Forcarei,Dúas Igrexas (Santa María),57.563,14.623,7.546,2.102,7.077,2.169,25.4,3.65,3.77
Cotobade,Corredoira (San Gregorio),37.872,12.724,4.932,2.004,7.791,7.633,33.6,5.29,20.15
Covelo,A Lamosa (San Bartolomeu),28.014,11.946,7.263,2.002,4.683,5.385,42.64,7.15,19.22
A Estrada,San Miguel de Barcala (San Miguel),32.342,6.664,2.793,1.999,3.87,4.795,20.6,6.18,14.83
Forcarei,Santa Mariña de Presqueiras (Santa Mariña),30.351,14.61,9.676,2.085,4.934,3.32,48.14,6.87,10.94
A Estrada,Baloira (San Salvador),27.113,6.123,3.584,1.985,2.539,3.819,22.58,7.32,14.09
Pazos de Borbén,Xunqueiras (San Salvador),23.649,5.87,3.51,1.959,2.36,1.963,24.82,8.28,8.3
Lalín,Parada (Santa María),34.694,5.792,2.034,1.939,3.758,4.654,16.7,5.59,13.41
Lalín,Palmou (San Xoán),43.709,8.222,3.901,1.897,4.321,5.018,18.81,4.34,11.48
Campo Lameiro,Morillas (Santiago),12.597,4.498,2.792,1.861,1.705,3.093,35.7,14.77,24.55
Silleda,Martixe (San Cristovo),30.577,5.813,3.17,1.857,2.643,3.767,19.01,6.07,12.32
Ribadumia,Sisán (San Clemenzo),78.702,7.68,2.582,1.838,5.098,5.521,9.76,2.34,7.02
Silleda,Cervaña (San Salvador),27.138,5.435,2.316,3.875,3.119,4.223,20.03,14.28,15.56
A Estrada,Pardemarín (Santa Baia),40.37,9.893,5.074,2.146,4.818,4.042,24.51,5.32,10.01
A Cañiza,A Franqueira (Santa María),37.028,10.843,6.094,3.666,4.749,4.713,29.28,9.9,12.73
Cerdedo,Pedre (Santo Estevo),15.759,6.317,4.019,1.78,2.298,3.44,40.08,11.3,21.83
Cerdedo,Castro (Santa Baia),23.513,8.333,3.895,2.048,4.438,2.384,35.44,8.71,10.14
Cotobade,Caroi (Santiago),41.908,11.688,7.499,1.722,4.188,4.748,27.89,4.11,11.33
Fornelos de Montes,Traspielas (Santa María),48.004,7.054,2.864,1.719,4.189,1.77,14.69,3.58,3.69
Agolada,Brántega (San Lourenzo),22.834,6.288,2.907,1.631,3.38,4.073,27.54,7.14,17.84
Lalín,Maceira (San Martiño),74.324,16.037,6.566,1.628,9.471,8.47,21.58,2.19,11.4
A Lama,A Barcia do Seixo (Santa Ana),76.156,26.28,14.593,1.617,11.687,10.06,34.51,2.12,13.21
Silleda,Carboeiro (Santa María),21.089,5.503,3.166,1.603,2.337,3.292,26.09,7.6,15.61
Silleda,Ansemil (San Pedro),22.258,4.964,2.634,1.583,2.33,3.266,22.3,7.11,14.67
A Estrada,Sabucedo (San Lourenzo),10.558,3.602,2.48,1.582,1.123,2.308,34.12,14.98,21.86
Lalín,Cristimil (San Xurxo),43.045,8.435,5.484,1.557,2.951,3.689,19.59,3.62,8.57
Forcarei,Castrelo (Santa Mariña),29.734,10.95,4.739,1.482,6.211,1.596,36.83,4.98,5.37
Fornelos de Montes,Oitavén (San Vicente),21.304,6.884,4.001,1.855,2.882,2.025,32.31,8.71,9.51
Agolada,Ventosa (San Xulián),47.108,9.73,2.71,1.436,7.02,6.507,20.65,3.05,13.81
Silleda,O Castro (San Mamede),37.426,8.019,2.582,1.374,5.437,5.302,21.43,3.67,14.17
Lalín,Lodeiro (San Paio),18.037,3.914,2.764,1.619,1.15,1.704,21.7,8.98,9.45
Silleda,Ponte (San Miguel),51.119,7.937,1.698,1.329,6.239,5.836,15.53,2.6,11.42
A Lama,Xesta (San Bartolomeu),70.072,27.034,20.275,1.426,6.759,5.41,38.58,2.03,7.72
Silleda,Pazos (San Martiño),18.894,4.266,2.604,1.313,1.662,2.513,22.58,6.95,13.3
Lalín,Donsión (Santa Baia),63.852,17.684,8.845,1.259,8.84,7.645,27.7,1.97,11.97
Forcarei,Quintillán (San Pedro),37.457,9.074,4.958,1.234,4.115,1.362,24.22,3.29,3.64
Agolada,Vilariño (Santa María),18.08,3.195,1.277,1.221,1.918,2.607,17.67,6.75,14.42
Covelo,Prado de Canda (Santiago),14.427,5.496,2.763,1.15,2.733,3.124,38.1,7.97,21.65
Silleda,Oleiros (San Miguel),36.423,7.592,3.847,1.767,3.745,2.449,20.84,4.85,6.72
Forcarei,Meavía (San Xoán),49.767,6.402,2.415,1.399,3.987,1.6,12.86,2.81,3.21
Agolada,As Trabancas (San Mamede),31.132,5.787,2.568,1.113,3.219,3.438,18.59,3.58,11.04
Pazos de Borbén,Amoedo (San Sadurniño),37.152,7.822,1.222,1.047,6.6,5.815,21.06,2.82,15.65
Covelo,Godóns (Santa María),52.698,16.99,9.224,0.999,7.766,2.632,32.24,1.9,4.99
Covelo,Fofe (San Miguel),13.918,5.367,2.005,0.96,3.362,0.978,38.56,6.9,7.03
Lalín,Barcia (Santo Estevo),55.857,12.672,5.657,0.953,7.015,2.49,22.69,1.71,4.46
Silleda,Saídres (San Xoán),40.972,7.476,1.599,0.946,5.877,5.192,18.25,2.31,12.67
Vilagarcía de Arousa,Fontecarmoa (San Pedro),7.495,2.097,0.944,0.944,1.153,1.777,27.97,12.6,23.71
Agolada,Merlín (San Pedro),10.987,3.249,1.436,0.914,1.813,2.223,29.57,8.32,20.23
Agolada,Val de Sangorza (Santa María),15.661,3.781,0.908,0.908,2.873,2.984,24.14,5.8,19.05
Fornelos de Montes,A Laxe (San Xosé),29.844,6.522,3.803,0.85,2.718,2.79,21.85,2.85,9.35
Agolada,Gurgueiro (San Miguel),5.512,1.056,0.792,0.792,0.264,0.983,19.16,14.37,17.83
Cambados,Cambados (Santa Mariña),26.455,2.327,0.784,0.784,1.543,1.898,8.79,2.96,7.17
Forcarei,San Miguel de Presqueiras (San Miguel),24.147,8.318,4.971,2.372,3.347,2.555,34.45,9.82,10.58
Agolada,Ramil (San Martiño),6.657,2.446,1.216,1.654,1.23,1.704,36.75,24.85,25.6
Vilanova de Arousa,Vilanova de Arousa (San Cibrán),61.094,7.812,0.741,0.741,7.072,5.849,12.79,1.21,9.57
Lalín,Anseán (Santiago),24.125,6.549,3.551,0.692,2.998,2.858,27.15,2.87,11.85
Lalín,Vilanova (San Xoán),58.699,18.153,9.412,1.182,8.741,1.583,30.93,2.01,2.7
Cangas,Cangas (Santiago e San Salvador),9.65,2.724,0.65,0.65,2.073,2.148,28.22,6.74,22.26
Caldas de Reis,Caldas de Reis (San Tomé e Santa María),18.164,3.888,0.89,0.647,2.998,2.813,21.4,3.56,15.49
Lalín,Albarellos (Santa María),12.744,3.725,2.367,0.639,1.358,1.62,29.23,5.01,12.71
Forcarei,Aciveiro (Santa María),62.195,16.523,4.973,0.586,11.55,0.79,26.57,0.94,1.27
Agolada,Agra (San Miguel),14.519,3.241,0.883,0.499,2.358,2.202,22.33,3.44,15.17
A Estrada,Liripio (San Xoán Bautista),22.729,4.468,2.703,0.568,1.765,1.515,19.66,2.5,6.66
Forcarei,Ventoxo (San Nicolao),37.331,16.294,9.788,2.751,6.507,4.882,43.65,7.37,13.08
Agolada,Carmoega (San Pedro),6.259,1.092,0.691,0.384,0.4,0.673,17.44,6.14,10.75
Agolada,Basadre (Santa María),12.811,3.187,0.832,1.45,2.356,1.663,24.88,11.32,12.98
Lalín,Sello (Santiago),14.513,1.472,0.611,0.347,0.86,0.968,10.14,2.39,6.67
Silleda,Refoxos (San Paio),32.191,7.923,1.193,0.355,6.73,0.655,24.61,1.1,2.04
Agolada,Sesto (San Cibrao),7.83,1.818,0.893,0.298,0.926,0.966,23.22,3.81,12.34
Silleda,Laro (San Salvador),52.687,7.262,1.141,1.834,6.121,2.147,13.78,3.48,4.07
Lalín,Camposancos (San Cristovo),21.73,6.269,2.186,0.221,4.083,3.17,28.85,1.02,14.59
Agolada,O Sexo (Santiago),7.402,1.737,0.484,0.215,1.254,1.121,23.47,2.9,15.14
Covelo,Campo (Santa María),31.199,9.2,5.899,0.2,3.301,0.299,29.49,0.64,0.96
Tui,Tui (O Sagrario),6.054,2.044,0.857,0.098,1.187,0.955,33.77,1.62,15.77
Forcarei,Pereira (San Bartolomeu),32.329,5.718,2.103,0.089,3.615,0.141,17.69,0.28,0.44
Pazos de Borbén,Cepeda (San Pedro),17.627,2.376,0.058,0.058,2.318,0.255,13.48,0.33,1.45
Covelo,Prado (San Salvador),35.402,9.181,6.562,0.041,2.619,0.044,25.93,0.12,0.13
Silleda,Xestoso (Santa María),16.386,3.48,1.212,0.248,2.268,0.336,21.23,1.51,2.05
Agolada,Esperante (San Cibrao),14.068,1.009,0.025,0.022,0.984,0.733,7.18,0.16,5.21
Agolada,San Paio de Bais (San Paio),4.276,0.556,0.007,0.004,0.548,0.4,13.0,0.09,9.35
Covelo,A Graña (San Bernabeu),39.139,12.642,10.042,0.002,2.6,0.018,32.3,0.01,0.05
Vilagarcía de Arousa,Sobradelo (San Salvador),21.468,5.955,0.0,0.0,5.955,4.302,27.74,0.0,20.04
Vilagarcía de Arousa,Vilagarcía (Santa Baia),26.836,3.745,0.0,0.0,3.745,2.705,13.95,0.0,10.08
Lalín,Moneixas (Santo Adrao),36.865,9.006,4.259,0.0,4.747,3.429,24.43,0.0,9.3
Marín,Marín (Santa María do Porto),0.571,0.056,0.0,0.0,0.056,0.04,9.74,0.0,7.01
