OBJECTID_12,sp,prohibida,n_px,ha_faixa,estado,anho_evento,caida,etiqueta
60076,Pinus_pinaster,True,903,0.0,persistente,,0.161,ifn_2010
60077,Quercus_robur,False,4302,0.0,persistente,,0.148,ifn_2010
60119,Acacia_dealbata,True,686,0.0,evento,2026.0,0.407,desconocida
60127,Pinus_pinaster,True,1389,0.0,persistente,,0.022,ifn_2010
60132,Pinus_pinaster,True,1035,0.0,evento,2026.0,0.359,desconocida
60137,Pinus_pinaster,True,12401,0.0,persistente,,0.106,ifn_2010
60138,Pinus_pinaster,True,3265,0.0,persistente,,0.022,ifn_2010
62084,Quercus_robur,False,2820,0.0,persistente,,0.148,ifn_2010
62085,Eucalyptus_globulus,True,2305,0.0,persistente,,0.069,ifn_2010
62086,Quercus_robur,False,136,0.0,evento,2018.0,0.39,desconocida
62144,Quercus_robur,False,734,0.0,persistente,,0.142,ifn_2010
62397,Pinus_pinaster,True,5272,0.0,persistente,,0.036,ifn_2010
62440,Pinus_pinaster,True,21,0.0,persistente,,0.039,ifn_2010
62454,Pinus_pinaster,True,481,0.0,persistente,,0.02,ifn_2010
66360,Pinus_pinaster,True,9585,0.0,persistente,,0.012,ifn_2010
66819,Pinus_pinaster,True,5350,0.0,persistente,,0.012,ifn_2010
66820,Pinus_pinaster,True,7048,0.0,persistente,,0.024,ifn_2010
66827,Pinus_pinaster,True,1359,0.0,persistente,,0.024,ifn_2010
71039,Pinus_pinaster,True,7404,0.0,persistente,,0.006,ifn_2010
72400,Quercus_robur,False,1788,0.0,persistente,,0.021,ifn_2010
72404,Quercus_robur,False,0,0.0,sin_dato,,,sin_serie
72622,Quercus_robur,False,92,0.0,persistente,,0.132,ifn_2010
72624,Quercus_robur,False,47,0.0,persistente,,0.058,ifn_2010
75043,Pinus_pinaster,True,5656,0.0,persistente,,0.021,ifn_2010
75101,Pinus_pinaster,True,12836,0.0,persistente,,0.015,ifn_2010
75103,Pinus_pinaster,True,753,0.0,persistente,,0.025,ifn_2010
75156,Quercus_robur,False,339,0.0,evento,2018.0,0.404,desconocida
75178,Quercus_robur,False,2131,0.0,persistente,,0.012,ifn_2010
75179,Quercus_robur,False,220,0.0,persistente,,0.012,ifn_2010
75795,Quercus_robur,False,21685,0.0,persistente,,0.169,ifn_2010
75799,Pinus_pinaster,True,323,0.0,evento,2018.0,0.397,desconocida
75801,Pinus_sylvestris,True,2954,0.0,evento,2018.0,0.321,desconocida
75802,Pinus_sylvestris,True,1656,0.0,evento,2018.0,0.223,desconocida
75803,Pinus_sylvestris,True,7888,0.0,persistente,,0.025,ifn_2010
75804,Pinus_pinaster,True,946,0.0,persistente,,0.089,ifn_2010
75805,Pinus_pinaster,True,956,0.0,persistente,,0.02,ifn_2010
75806,Pinus_pinaster,True,555,0.0,persistente,,0.037,ifn_2010
75807,Pinus_pinaster,True,1247,0.0,evento,2018.0,0.335,desconocida
75808,Alnus_glutinosa,False,646,0.0,persistente,,0.184,ifn_2010
75809,Betula_spp,False,11113,0.0,persistente,,0.074,ifn_2010
75810,Pinus_pinaster,True,7898,0.0,persistente,,0.058,ifn_2010
75817,Quercus_robur,False,1645,0.007,persistente,,0.026,ifn_2010
75818,Quercus_robur,False,308,0.0,persistente,,0.15,ifn_2010
75926,Pinus_pinaster,True,22,0.0,persistente,,0.078,ifn_2010
75972,Pinus_pinaster,True,1793,0.201,persistente,,0.017,ifn_2010
75982,Pinus_pinaster,True,3491,0.0,evento,2018.0,0.215,desconocida
75983,Quercus_robur,False,15983,0.0,persistente,,0.169,ifn_2010
75987,Quercus_robur,False,644,0.0,persistente,,0.065,ifn_2010
75988,Quercus_robur,False,141,0.0,persistente,,0.041,ifn_2010
76057,Quercus_robur,False,106,0.0,persistente,,0.012,ifn_2010
76058,Quercus_robur,False,304,0.0,persistente,,0.018,ifn_2010
76059,Quercus_robur,False,2418,0.0,persistente,,0.018,ifn_2010
76060,Pinus_pinaster,True,1065,0.0,persistente,,0.021,ifn_2010
76062,Pinus_pinaster,True,276,0.0,persistente,,0.039,ifn_2010
76441,Pinus_pinaster,True,3486,0.0,evento,2018.0,0.208,desconocida
76442,Quercus_robur,False,4825,0.0,persistente,,0.168,ifn_2010
76443,Quercus_robur,False,5402,0.0,persistente,,0.033,ifn_2010
76444,Pinus_pinaster,True,3864,0.0,persistente,,0.011,ifn_2010
76445,Quercus_robur,False,2695,0.0,persistente,,0.051,ifn_2010
76446,Pinus_pinaster,True,3047,0.0,persistente,,0.015,ifn_2010
76447,Quercus_robur,False,14594,0.0,persistente,,0.01,ifn_2010
76448,Quercus_robur,False,581,0.0,persistente,,0.03,ifn_2010
76449,Quercus_robur,False,358,0.0,persistente,,0.023,ifn_2010
76450,Pinus_pinaster,True,6094,0.0,persistente,,0.029,ifn_2010
76451,Pinus_pinaster,True,4394,0.0,persistente,,0.066,ifn_2010
76452,Pinus_pinaster,True,800,0.0,persistente,,0.128,ifn_2010
76453,Quercus_robur,False,159,0.028,persistente,,0.066,ifn_2010
76454,Quercus_robur,False,837,0.0,persistente,,0.023,ifn_2010
76456,Pinus_pinaster,True,301,0.0,persistente,,0.157,ifn_2010
76457,Quercus_robur,False,2723,0.0,evento,2018.0,0.209,desconocida
76472,Pinus_pinaster,True,337,0.0,evento,2023.0,0.233,desconocida
76473,Pinus_pinaster,True,239,0.0,evento,2023.0,0.356,desconocida
76994,Pinus_pinaster,True,7962,0.0,evento,2018.0,0.36,desconocida
76995,Pinus_pinaster,True,1589,0.0,persistente,,0.117,ifn_2010
76996,Pinus_pinaster,True,8408,0.0,persistente,,0.05,ifn_2010
76997,Pinus_pinaster,True,589,0.0,persistente,,0.047,ifn_2010
77180,Pinus_pinaster,True,991,0.0,evento,2018.0,0.339,desconocida
80101,Pinus_pinaster,True,303,0.0,persistente,,0.018,ifn_2010
80103,Pinus_pinaster,True,4094,0.0,persistente,,0.017,ifn_2010
80104,Quercus_robur,False,589,0.0,persistente,,0.016,ifn_2010
80183,Quercus_suber,False,199,0.0,persistente,,0.03,ifn_2010
80597,Quercus_robur,False,3,0.0,sin_dato,,,sin_serie
80598,Quercus_robur,False,553,0.0,evento,2022.0,0.206,desconocida
80643,Pinus_pinaster,True,83,0.0,persistente,,0.03,ifn_2010
80645,Quercus_robur,False,901,0.0,persistente,,0.021,ifn_2010
81444,Alnus_glutinosa,False,219,0.0,persistente,,0.014,ifn_2010
81447,Castanea_sativa,False,785,0.0,persistente,,0.01,ifn_2010
81453,Quercus_pyrenaica,False,3033,0.0,persistente,,0.165,ifn_2010
81454,Quercus_robur,False,1776,0.0,persistente,,0.08,ifn_2010
81459,Pinus_pinaster,True,1659,0.0,persistente,,0.215,ifn_2010
81460,Pinus_pinaster,True,2417,0.0,evento,2018.0,0.333,desconocida
81464,Quercus_robur,False,1117,0.0,evento,2026.0,0.2,desconocida
81470,Quercus_robur,False,1091,0.0,persistente,,0.162,ifn_2010
81489,Pinus_pinaster,True,3319,0.0,persistente,,0.026,ifn_2010
81943,Quercus_robur,False,249,0.0,persistente,,0.019,ifn_2010
81944,Pinus_pinaster,True,895,0.0,evento,2018.0,0.288,desconocida
81960,Eucalyptus_globulus,True,343,0.0,evento,2018.0,0.189,prohibida_rebrote
81961,Eucalyptus_globulus,True,5,0.0,sin_dato,,,sin_serie
81963,Pinus_pinaster,True,116,0.0,persistente,,0.109,ifn_2010
81966,Eucalyptus_globulus,True,592,0.0,evento,2018.0,0.493,prohibida_rebrote
81967,Pinus_radiata,True,1656,0.0,evento,2018.0,0.253,desconocida
81968,Pinus_pinaster,True,682,0.0,evento,2018.0,0.28,desconocida
81969,Pinus_radiata,True,1430,0.0,evento,2018.0,0.239,desconocida
82010,Eucalyptus_globulus,True,0,0.0,sin_dato,,,sin_serie
85061,Pinus_pinaster,True,482,0.0,persistente,,0.184,ifn_2010
85220,Quercus_robur,False,772,0.0,persistente,,0.032,ifn_2010
85221,Pinus_pinaster,True,13350,0.0,persistente,,0.042,ifn_2010
85222,Eucalyptus_globulus,True,10704,15.646,persistente,,0.023,ifn_2010
85223,Eucalyptus_globulus,True,24773,6.83,persistente,,0.055,ifn_2010
85224,Acacia_spp,True,547,2.446,evento,2024.0,0.265,desconocida
85225,Eucalyptus_globulus,True,2086,0.0,persistente,,0.049,ifn_2010
85226,Pinus_pinaster,True,1141,0.0,persistente,,0.017,ifn_2010
85227,Pinus_pinaster,True,2472,0.0,persistente,,0.102,ifn_2010
85228,Eucalyptus_globulus,True,2554,0.0,persistente,,0.03,ifn_2010
85229,Pinus_pinaster,True,2745,0.0,persistente,,0.019,ifn_2010
85230,Pinus_pinaster,True,2257,3.301,persistente,,0.012,ifn_2010
85231,Acacia_spp,True,941,0.525,persistente,,0.07,ifn_2010
85232,Acacia_spp,True,457,0.0,persistente,,0.1,ifn_2010
85233,Pinus_pinaster,True,2293,4.773,persistente,,0.044,ifn_2010
85234,Eucalyptus_globulus,True,1500,0.727,persistente,,0.061,ifn_2010
85235,Quercus_robur,False,4419,5.715,persistente,,0.046,ifn_2010
85236,Pinus_pinaster,True,10341,14.772,persistente,,0.018,ifn_2010
85237,Eucalyptus_globulus,True,694,1.943,evento,2022.0,0.193,prohibida_rebrote
85238,Eucalyptus_globulus,True,2255,0.0,persistente,,0.021,ifn_2010
85239,Pinus_pinaster,True,25174,0.725,evento,2025.0,0.197,desconocida
85240,Pinus_pinaster,True,1090,0.0,persistente,,0.047,ifn_2010
85241,Eucalyptus_globulus,True,4444,4.93,persistente,,0.071,ifn_2010
85242,Eucalyptus_globulus,True,32397,3.662,persistente,,0.124,ifn_2010
85243,Eucalyptus_globulus,True,2352,0.376,persistente,,0.113,ifn_2010
85244,Betula_alba,False,6574,0.71,persistente,,0.009,ifn_2010
85245,Pinus_pinaster,True,1839,6.558,persistente,,0.069,ifn_2010
85246,Castanea_sativa,False,553,0.0,persistente,,0.158,ifn_2010
85248,Pinus_pinaster,True,1846,0.335,persistente,,0.146,ifn_2010
85249,Pinus_pinaster,True,307,0.637,evento,2026.0,0.195,desconocida
85250,Eucalyptus_globulus,True,2128,0.387,persistente,,0.018,ifn_2010
85251,Quercus_robur,False,166,0.469,persistente,,0.027,ifn_2010
85252,Eucalyptus_globulus,True,1156,0.0,persistente,,0.033,ifn_2010
85253,Eucalyptus_globulus,True,769,1.129,persistente,,0.036,ifn_2010
85254,Platanus_hispanica,False,175,0.0,persistente,,0.059,ifn_2010
85255,Fraxinus_angustifolia,False,210,0.568,persistente,,0.031,ifn_2010
85256,Pinus_pinaster,True,128,0.28,persistente,,0.016,ifn_2010
85257,Eucalyptus_globulus,True,2301,3.04,persistente,,0.037,ifn_2010
85258,Alnus_glutinosa,False,469,0.0,persistente,,0.038,ifn_2010
85259,Eucalyptus_globulus,True,1097,0.0,persistente,,0.082,ifn_2010
85260,Castanea_sativa,False,837,2.366,persistente,,0.015,ifn_2010
85261,Eucalyptus_globulus,True,668,0.0,persistente,,0.042,ifn_2010
85262,Acacia_dealbata,True,0,0.158,sin_dato,,,sin_serie
85264,Castanea_sativa,False,6778,2.096,persistente,,0.036,ifn_2010
85386,Eucalyptus_globulus,True,255,0.0,persistente,,0.036,ifn_2010
85389,Pinus_pinaster,True,1441,0.0,evento,2023.0,0.195,desconocida
85425,Quercus_robur,False,657,0.0,persistente,,0.021,ifn_2010
85430,Eucalyptus_globulus,True,2884,0.0,persistente,,0.082,ifn_2010
85431,Eucalyptus_globulus,True,307,0.0,persistente,,0.022,ifn_2010
85514,Eucalyptus_globulus,True,1195,0.0,persistente,,0.032,ifn_2010
85515,Quercus_robur,False,868,0.0,persistente,,0.024,ifn_2010
85534,Pinus_pinaster,True,1377,0.0,persistente,,0.04,ifn_2010
85583,Eucalyptus_globulus,True,1564,0.0,persistente,,0.032,ifn_2010
85586,Pinus_radiata,True,533,0.0,persistente,,0.153,ifn_2010
85594,Pinus_pinaster,True,1647,0.0,persistente,,0.083,ifn_2010
85653,Pinus_pinaster,True,434,0.0,persistente,,0.035,ifn_2010
85664,Pinus_pinaster,True,61,0.0,persistente,,0.011,ifn_2010
85666,Pinus_pinaster,True,8,0.0,persistente,,0.052,ifn_2010
86055,Pinus_radiata,True,278,0.0,evento,2018.0,0.381,desconocida
86151,Quercus_robur,False,925,0.0,persistente,,0.015,ifn_2010
86152,Pinus_pinaster,True,1071,0.0,persistente,,0.022,ifn_2010
86256,Pinus_pinaster,True,3667,0.0,persistente,,0.046,ifn_2010
86258,Pinus_pinaster,True,71,0.0,persistente,,0.158,ifn_2010
86259,Pinus_pinaster,True,645,0.0,persistente,,0.04,ifn_2010
86260,Quercus_suber,False,133,0.449,persistente,,0.024,ifn_2010
86261,Quercus_robur,False,2262,1.314,persistente,,0.025,ifn_2010
86262,Quercus_robur,False,9681,15.989,persistente,,0.028,ifn_2010
86263,Pinus_pinaster,True,10194,0.0,persistente,,0.051,ifn_2010
86264,Quercus_robur,False,11896,2.506,persistente,,0.02,ifn_2010
86265,Quercus_robur,False,2383,3.156,evento,2026.0,0.206,desconocida
86266,Quercus_robur,False,2680,4.727,persistente,,0.038,ifn_2010
86267,Quercus_robur,False,14152,7.49,persistente,,0.02,ifn_2010
86268,Quercus_robur,False,306,0.0,persistente,,0.018,ifn_2010
86269,Quercus_robur,False,8312,1.643,persistente,,0.013,ifn_2010
86270,Quercus_robur,False,4675,3.269,persistente,,0.014,ifn_2010
86271,Quercus_robur,False,10941,5.515,persistente,,0.022,ifn_2010
86272,Quercus_robur,False,588,1.494,persistente,,0.028,ifn_2010
86273,Eucalyptus_globulus,True,661,1.215,persistente,,0.02,ifn_2010
86274,Eucalyptus_globulus,True,1366,3.727,persistente,,0.012,ifn_2010
86275,Quercus_robur,False,3885,0.228,persistente,,0.03,ifn_2010
86276,Quercus_robur,False,16827,8.005,persistente,,0.011,ifn_2010
86277,Pinus_pinaster,True,199,0.0,persistente,,0.037,ifn_2010
86278,Quercus_robur,False,428,0.0,persistente,,0.06,ifn_2010
86279,Quercus_robur,False,11297,2.493,persistente,,0.018,ifn_2010
86280,Quercus_robur,False,305,1.246,persistente,,0.012,ifn_2010
86281,Quercus_robur,False,1071,0.0,persistente,,0.017,ifn_2010
86282,Quercus_robur,False,285,0.0,persistente,,0.011,ifn_2010
86283,Eucalyptus_globulus,True,4759,0.0,persistente,,0.18,ifn_2010
86284,Pinus_pinaster,True,16362,27.902,persistente,,0.028,ifn_2010
86285,Pinus_pinaster,True,216,1.518,persistente,,0.013,ifn_2010
86286,Pinus_pinaster,True,2773,12.497,persistente,,0.058,ifn_2010
86287,Pinus_pinaster,True,15304,30.153,persistente,,0.059,ifn_2010
86288,Pinus_pinaster,True,12195,5.438,persistente,,0.028,ifn_2010
86289,Quercus_robur,False,5097,0.0,persistente,,0.154,ifn_2010
86290,Pinus_sylvestris,True,14397,0.0,persistente,,0.028,ifn_2010
86291,Pinus_pinaster,True,1086,0.0,persistente,,0.037,ifn_2010
86292,Quercus_robur,False,4548,1.344,persistente,,0.014,ifn_2010
86293,Quercus_robur,False,967,0.825,persistente,,0.048,ifn_2010
86294,Pinus_pinaster,True,573,0.534,persistente,,0.052,ifn_2010
86295,Pinus_pinaster,True,1139,0.0,persistente,,0.021,ifn_2010
86296,Pinus_pinaster,True,451,0.0,persistente,,0.107,ifn_2010
86297,Pinus_pinaster,True,20064,18.429,persistente,,0.04,ifn_2010
86298,Pinus_pinaster,True,15284,18.983,persistente,,0.018,ifn_2010
86299,Pinus_sylvestris,True,4091,0.0,persistente,,0.093,ifn_2010
86300,Pinus_sylvestris,True,1137,0.0,persistente,,0.061,ifn_2010
86301,Pinus_sylvestris,True,1468,0.0,persistente,,0.123,ifn_2010
86302,Pinus_pinaster,True,3971,0.0,persistente,,0.082,ifn_2010
86303,Pinus_pinaster,True,6888,0.0,persistente,,0.062,ifn_2010
86304,Pinus_pinaster,True,756,0.0,persistente,,0.031,ifn_2010
86305,Quercus_robur,False,426,0.0,persistente,,0.127,ifn_2010
86306,Quercus_robur,False,324,0.004,persistente,,0.018,ifn_2010
86307,Pinus_pinaster,True,177,0.65,persistente,,0.043,ifn_2010
86308,Pinus_pinaster,True,4171,0.0,evento,2018.0,0.314,desconocida
86309,Eucalyptus_globulus,True,759,0.0,evento,2018.0,0.199,prohibida_rebrote
86310,Pinus_pinaster,True,308,0.914,persistente,,0.07,ifn_2010
86311,Quercus_robur,False,433,0.0,persistente,,0.156,ifn_2010
86312,Pinus_pinaster,True,1146,0.0,evento,2018.0,0.475,desconocida
86313,Pinus_pinaster,True,5380,11.469,persistente,,0.035,ifn_2010
86314,Eucalyptus_globulus,True,1119,0.0,persistente,,0.101,ifn_2010
86315,Pinus_pinaster,True,2973,0.0,evento,2018.0,0.316,desconocida
86316,Pinus_pinaster,True,5863,0.0,evento,2018.0,0.315,desconocida
86317,Quercus_robur,False,1455,0.0,persistente,,0.015,ifn_2010
86318,Pinus_pinaster,True,1395,0.0,evento,2018.0,0.325,desconocida
86320,Pinus_radiata,True,4613,0.0,evento,2018.0,0.251,desconocida
86321,Pinus_pinaster,True,2700,0.0,persistente,,0.189,ifn_2010
86322,Pinus_pinaster,True,575,7.492,evento,2023.0,0.435,desconocida
86323,Eucalyptus_globulus,True,717,1.722,persistente,,0.024,ifn_2010
86324,Pinus_pinaster,True,5299,10.24,persistente,,0.014,ifn_2010
86325,Quercus_suber,False,0,2.742,sin_dato,,,sin_serie
86326,Pinus_pinaster,True,18070,18.238,persistente,,0.018,ifn_2010
86327,Pinus_pinaster,True,7405,8.26,persistente,,0.036,ifn_2010
86328,Eucalyptus_globulus,True,0,10.798,sin_dato,,,sin_serie
86329,Pinus_pinaster,True,3654,2.914,persistente,,0.016,ifn_2010
86330,Quercus_robur,False,1793,5.126,persistente,,0.009,ifn_2010
86331,Quercus_robur,False,377,1.305,persistente,,0.095,ifn_2010
86332,Pinus_pinaster,True,3242,0.0,evento,2018.0,0.237,desconocida
86333,Pinus_pinaster,True,557,0.811,persistente,,0.091,ifn_2010
86334,Eucalyptus_globulus,True,905,0.0,persistente,,0.103,ifn_2010
86335,Quercus_robur,False,690,0.11,persistente,,0.018,ifn_2010
86336,Quercus_robur,False,5350,5.325,persistente,,0.014,ifn_2010
86337,Pinus_pinaster,True,689,0.0,persistente,,0.151,ifn_2010
86338,Pinus_pinaster,True,3670,0.0,evento,2018.0,0.285,desconocida
86339,Pinus_pinaster,True,5497,0.0,evento,2018.0,0.21,desconocida
86340,Eucalyptus_globulus,True,494,0.0,persistente,,0.003,ifn_2010
86341,Pinus_sylvestris,True,2603,0.214,persistente,,0.051,ifn_2010
86342,Pinus_sylvestris,True,736,0.684,persistente,,0.076,ifn_2010
86343,Quercus_robur,False,7621,2.604,persistente,,0.011,ifn_2010
86344,Pinus_pinaster,True,2479,0.699,persistente,,0.053,ifn_2010
86345,Pinus_pinaster,True,352,0.0,persistente,,0.055,ifn_2010
86346,Quercus_robur,False,888,0.0,persistente,,0.093,ifn_2010
86347,Pinus_pinaster,True,1238,0.86,persistente,,0.022,ifn_2010
86348,Pinus_pinaster,True,935,0.0,persistente,,0.022,ifn_2010
86349,Eucalyptus_globulus,True,2344,0.162,persistente,,0.026,ifn_2010
86350,Quercus_robur,False,2149,3.044,persistente,,0.041,ifn_2010
86351,Eucalyptus_globulus,True,2100,1.048,persistente,,0.025,ifn_2010
86352,Quercus_robur,False,2836,4.502,persistente,,0.023,ifn_2010
86353,Quercus_robur,False,706,0.0,persistente,,0.012,ifn_2010
86354,Pinus_radiata,True,200,0.0,persistente,,0.144,ifn_2010
86355,Betula_alba,False,1694,0.0,persistente,,0.095,ifn_2010
86356,Pinus_pinaster,True,8029,1.295,persistente,,0.026,ifn_2010
86357,Pinus_pinaster,True,4190,8.553,persistente,,0.03,ifn_2010
86358,Quercus_robur,False,5685,8.507,persistente,,0.031,ifn_2010
86359,Quercus_robur,False,3010,2.557,persistente,,0.036,ifn_2010
86360,Pinus_pinaster,True,400,0.182,persistente,,0.023,ifn_2010
86361,Pinus_pinaster,True,5925,6.665,persistente,,0.109,ifn_2010
86362,Pinus_pinaster,True,926,0.923,persistente,,0.061,ifn_2010
86363,Pinus_pinaster,True,41372,84.414,persistente,,0.029,ifn_2010
86364,Pinus_pinaster,True,235,1.014,persistente,,0.069,ifn_2010
86365,Quercus_robur,False,13299,12.889,persistente,,0.009,ifn_2010
86366,Quercus_robur,False,153,0.0,persistente,,0.012,ifn_2010
86367,Quercus_robur,False,3695,0.0,persistente,,0.077,ifn_2010
86368,Pinus_pinaster,True,230,0.0,persistente,,0.122,ifn_2010
86369,Pinus_pinaster,True,5809,0.0,persistente,,0.004,ifn_2010
86370,Pinus_pinaster,True,416,0.0,persistente,,0.037,ifn_2010
86371,Eucalyptus_globulus,True,826,0.0,persistente,,0.123,ifn_2010
86372,Eucalyptus_globulus,True,235,0.0,persistente,,0.03,ifn_2010
86373,Pinus_pinaster,True,3172,0.0,persistente,,0.027,ifn_2010
86374,Pinus_pinaster,True,1129,0.0,persistente,,0.097,ifn_2010
86375,Pinus_pinaster,True,34124,64.061,persistente,,0.018,ifn_2010
86376,Eucalyptus_globulus,True,966,0.0,persistente,,0.164,ifn_2010
86377,Quercus_robur,False,3338,0.0,persistente,,0.012,ifn_2010
86378,Pinus_pinaster,True,333,0.0,persistente,,0.037,ifn_2010
86379,Pinus_pinaster,True,3203,0.0,persistente,,0.02,ifn_2010
86380,Pinus_pinaster,True,138,0.0,persistente,,0.014,ifn_2010
86381,Quercus_robur,False,2295,0.0,persistente,,0.031,ifn_2010
86382,Quercus_robur,False,9177,16.375,persistente,,0.013,ifn_2010
86383,Pinus_pinaster,True,5335,2.953,persistente,,0.016,ifn_2010
86384,Pinus_pinaster,True,1101,0.0,persistente,,0.038,ifn_2010
86385,Pinus_pinaster,True,344,0.0,persistente,,0.019,ifn_2010
86386,Pinus_pinaster,True,947,0.0,persistente,,0.055,ifn_2010
86387,Eucalyptus_globulus,True,1263,0.0,persistente,,0.075,ifn_2010
86388,Pinus_pinaster,True,102,0.1,persistente,,0.056,ifn_2010
86389,Pinus_radiata,True,458,0.0,persistente,,0.031,ifn_2010
86390,Pinus_pinaster,True,5822,0.0,persistente,,0.013,ifn_2010
86391,Quercus_robur,False,383,0.0,persistente,,0.019,ifn_2010
86392,Eucalyptus_globulus,True,1809,0.0,evento,2020.0,0.254,prohibida_rebrote
86393,Eucalyptus_globulus,True,418,0.0,persistente,,0.103,ifn_2010
86394,Pinus_pinaster,True,3830,0.744,persistente,,0.11,ifn_2010
86395,Quercus_robur,False,9357,14.542,persistente,,0.016,ifn_2010
86396,Pinus_pinaster,True,165,0.3,persistente,,0.026,ifn_2010
86397,Eucalyptus_globulus,True,7629,18.105,persistente,,0.017,ifn_2010
86398,Eucalyptus_globulus,True,568,0.784,persistente,,0.02,ifn_2010
86399,Eucalyptus_globulus,True,445,0.0,persistente,,0.174,ifn_2010
86400,Pinus_pinaster,True,3238,1.265,persistente,,0.06,ifn_2010
86401,Pinus_pinaster,True,978,3.394,persistente,,0.074,ifn_2010
86402,Eucalyptus_globulus,True,1538,2.079,persistente,,0.046,ifn_2010
86403,Eucalyptus_globulus,True,930,4.542,persistente,,0.058,ifn_2010
86404,Quercus_robur,False,2271,4.561,persistente,,0.016,ifn_2010
86405,Eucalyptus_globulus,True,1010,0.506,persistente,,0.102,ifn_2010
86406,Pinus_pinaster,True,7883,9.216,persistente,,0.029,ifn_2010
86407,Eucalyptus_globulus,True,1965,0.0,persistente,,0.106,ifn_2010
86408,Eucalyptus_globulus,True,292,0.0,persistente,,0.101,ifn_2010
86409,Pinus_pinaster,True,25032,40.989,persistente,,0.023,ifn_2010
86410,Eucalyptus_globulus,True,1792,0.0,persistente,,0.081,ifn_2010
86411,Quercus_robur,False,1730,1.91,persistente,,0.027,ifn_2010
86412,Quercus_rubra,False,1458,0.0,persistente,,0.16,ifn_2010
86413,Eucalyptus_globulus,True,428,0.0,evento,2024.0,0.458,prohibida_rebrote
86414,Pinus_pinaster,True,728,1.155,persistente,,0.024,ifn_2010
86415,Eucalyptus_globulus,True,1268,1.936,persistente,,0.031,ifn_2010
86416,Eucalyptus_globulus,True,1124,0.777,persistente,,0.066,ifn_2010
86417,Quercus_rubra,False,800,0.0,persistente,,0.034,ifn_2010
86418,Eucalyptus_globulus,True,1103,0.0,persistente,,0.141,ifn_2010
86419,Eucalyptus_globulus,True,104,0.0,evento,2022.0,0.413,prohibida_rebrote
86420,Eucalyptus_globulus,True,3767,9.481,persistente,,0.024,ifn_2010
86421,Eucalyptus_globulus,True,856,0.316,persistente,,0.048,ifn_2010
86422,Eucalyptus_globulus,True,452,0.0,persistente,,0.055,ifn_2010
86423,Eucalyptus_globulus,True,225,0.0,persistente,,0.044,ifn_2010
86424,Eucalyptus_globulus,True,404,0.0,persistente,,0.08,ifn_2010
86425,Pinus_pinaster,True,254,0.0,persistente,,0.026,ifn_2010
86426,Quercus_robur,False,2029,0.0,persistente,,0.017,ifn_2010
86427,Quercus_robur,False,1253,0.0,persistente,,0.015,ifn_2010
86428,Pinus_pinaster,True,444,0.0,persistente,,0.004,ifn_2010
86429,Eucalyptus_globulus,True,855,0.0,persistente,,0.095,ifn_2010
86430,Pinus_pinaster,True,8350,4.399,persistente,,0.026,ifn_2010
86431,Pinus_pinaster,True,1630,0.0,persistente,,0.155,ifn_2010
86432,Pinus_pinaster,True,2206,0.0,persistente,,0.013,ifn_2010
86433,Pinus_pinaster,True,689,0.2,persistente,,0.035,ifn_2010
86434,Pinus_pinaster,True,1946,0.009,persistente,,0.08,ifn_2010
86435,Pinus_pinaster,True,713,0.872,persistente,,0.037,ifn_2010
86436,Eucalyptus_globulus,True,432,0.0,evento,2026.0,0.281,prohibida_rebrote
86437,Eucalyptus_globulus,True,1079,0.0,persistente,,0.036,ifn_2010
86438,Eucalyptus_globulus,True,2573,0.0,persistente,,0.046,ifn_2010
86439,Pinus_pinaster,True,16765,3.442,persistente,,0.047,ifn_2010
86440,Pinus_radiata,True,906,0.0,persistente,,0.102,ifn_2010
86441,Pinus_pinaster,True,5357,0.0,persistente,,0.027,ifn_2010
86442,Pinus_sylvestris,True,10682,0.0,persistente,,0.021,ifn_2010
86443,Eucalyptus_globulus,True,1815,0.0,evento,2018.0,0.217,prohibida_rebrote
86444,Eucalyptus_globulus,True,230,0.0,persistente,,0.108,ifn_2010
86445,Pinus_radiata,True,424,0.0,persistente,,0.027,ifn_2010
86446,Pinus_radiata,True,433,0.0,evento,2019.0,0.256,desconocida
86447,Pinus_radiata,True,1511,0.0,persistente,,0.026,ifn_2010
86448,Pinus_radiata,True,1232,0.0,persistente,,0.184,ifn_2010
86449,Eucalyptus_globulus,True,480,0.0,persistente,,0.046,ifn_2010
86450,Pinus_pinaster,True,2282,0.147,persistente,,0.034,ifn_2010
86451,Pinus_pinaster,True,10983,12.234,persistente,,0.01,ifn_2010
86452,Pinus_pinaster,True,176,0.0,persistente,,0.041,ifn_2010
86453,Eucalyptus_globulus,True,4799,0.004,persistente,,0.095,ifn_2010
86454,Pinus_pinaster,True,10592,9.461,persistente,,0.022,ifn_2010
86455,Pinus_pinaster,True,24084,23.081,persistente,,0.021,ifn_2010
86456,Pinus_pinaster,True,24446,20.278,persistente,,0.036,ifn_2010
86457,Eucalyptus_globulus,True,15716,31.722,persistente,,0.012,ifn_2010
86458,Eucalyptus_globulus,True,1529,0.237,persistente,,0.034,ifn_2010
86459,Pinus_pinaster,True,19326,18.632,persistente,,0.014,ifn_2010
86460,Pinus_radiata,True,972,2.462,persistente,,0.04,ifn_2010
86461,Eucalyptus_globulus,True,4288,9.36,persistente,,0.062,ifn_2010
86462,Pinus_pinaster,True,3418,0.559,persistente,,0.049,ifn_2010
86463,Quercus_robur,False,7574,3.646,persistente,,0.026,ifn_2010
86464,Quercus_robur,False,151,0.079,persistente,,0.013,ifn_2010
86465,Pinus_pinaster,True,784,0.0,persistente,,0.051,ifn_2010
86466,Pinus_pinaster,True,111,0.0,persistente,,0.11,ifn_2010
86467,Pinus_pinaster,True,1474,0.0,persistente,,0.046,ifn_2010
86468,Quercus_robur,False,3440,1.304,persistente,,0.017,ifn_2010
86469,Pinus_pinaster,True,3516,0.0,persistente,,0.073,ifn_2010
86470,Quercus_robur,False,663,0.693,persistente,,0.047,ifn_2010
86471,Pinus_pinaster,True,760,0.0,evento,2025.0,0.424,desconocida
86472,Pinus_sylvestris,True,1355,0.0,persistente,,0.019,ifn_2010
86473,Pinus_pinaster,True,861,1.572,persistente,,0.015,ifn_2010
86474,Pinus_pinaster,True,2349,0.0,persistente,,0.072,ifn_2010
86475,Salix_atrocinerea,False,155,0.0,persistente,,0.048,ifn_2010
86476,Pinus_pinaster,True,1163,0.0,persistente,,0.103,ifn_2010
86477,Eucalyptus_globulus,True,950,0.0,evento,2023.0,0.243,prohibida_rebrote
86478,Pinus_pinaster,True,4485,0.241,persistente,,0.045,ifn_2010
86479,Pinus_radiata,True,2782,0.0,persistente,,0.04,ifn_2010
86480,Quercus_robur,False,1453,2.013,persistente,,0.029,ifn_2010
86481,Quercus_robur,False,601,1.284,persistente,,0.027,ifn_2010
86482,Pinus_pinaster,True,534,1.319,persistente,,0.013,ifn_2010
86483,Pinus_pinaster,True,586,0.0,persistente,,0.032,ifn_2010
86484,Pinus_pinaster,True,5494,0.059,persistente,,0.053,ifn_2010
86489,Quercus_robur,False,119,0.0,persistente,,0.046,ifn_2010
86490,Pinus_pinaster,True,13561,0.0,persistente,,0.019,ifn_2010
86491,Pinus_pinaster,True,7058,0.0,persistente,,0.033,ifn_2010
86492,Pinus_radiata,True,450,0.0,persistente,,0.071,ifn_2010
86493,Pinus_pinaster,True,8465,0.459,persistente,,0.042,ifn_2010
86494,Pinus_pinaster,True,1538,0.0,persistente,,0.05,ifn_2010
86495,Quercus_robur,False,7870,3.382,persistente,,0.006,ifn_2010
86496,Pinus_pinaster,True,1440,0.0,persistente,,0.059,ifn_2010
86497,Quercus_rubra,False,619,0.0,persistente,,0.02,ifn_2010
86498,Quercus_robur,False,4255,1.295,persistente,,0.016,ifn_2010
86499,Eucalyptus_globulus,True,6918,0.0,persistente,,0.028,ifn_2010
86500,Eucalyptus_globulus,True,3494,1.946,persistente,,0.013,ifn_2010
86501,Pinus_pinaster,True,3303,0.0,persistente,,0.135,ifn_2010
86502,Eucalyptus_globulus,True,138,0.0,persistente,,0.014,ifn_2010
86503,Pinus_pinaster,True,1410,0.0,persistente,,0.053,ifn_2010
86504,Eucalyptus_globulus,True,7429,11.978,persistente,,0.017,ifn_2010
86505,Pinus_pinaster,True,2197,3.003,persistente,,0.026,ifn_2010
86506,Pinus_pinaster,True,15334,16.17,persistente,,0.027,ifn_2010
86507,Quercus_robur,False,908,0.995,persistente,,0.006,ifn_2010
86508,Pinus_radiata,True,1395,0.0,persistente,,0.057,ifn_2010
86509,Pinus_pinaster,True,341,0.0,persistente,,0.026,ifn_2010
86510,Eucalyptus_globulus,True,15563,0.025,persistente,,0.035,ifn_2010
86511,Quercus_robur,False,1614,0.0,persistente,,0.018,ifn_2010
86512,Eucalyptus_globulus,True,448,0.02,persistente,,0.021,ifn_2010
86513,Quercus_robur,False,4493,2.963,persistente,,0.015,ifn_2010
86517,Pinus_pinaster,True,0,0.695,sin_dato,,,sin_serie
86518,Eucalyptus_globulus,True,1512,0.0,persistente,,0.011,ifn_2010
86519,Eucalyptus_globulus,True,984,0.0,persistente,,0.026,ifn_2010
86520,Quercus_robur,False,588,1.635,persistente,,0.028,ifn_2010
86521,Pinus_radiata,True,367,0.0,persistente,,0.038,ifn_2010
86522,Pinus_pinaster,True,866,2.5,persistente,,0.072,ifn_2010
86523,Pinus_pinaster,True,2138,0.0,persistente,,0.105,ifn_2010
86524,Pinus_pinaster,True,430,0.0,persistente,,0.115,ifn_2010
86525,Quercus_robur,False,340,1.021,persistente,,0.057,ifn_2010
86526,Pinus_pinaster,True,326,0.226,persistente,,0.021,ifn_2010
86527,Pinus_pinaster,True,23910,30.028,persistente,,0.027,ifn_2010
86528,Eucalyptus_globulus,True,1195,0.0,evento,2023.0,0.267,prohibida_rebrote
86529,Pinus_pinaster,True,173,0.322,persistente,,0.018,ifn_2010
86530,Pinus_pinaster,True,1007,0.0,persistente,,0.053,ifn_2010
86531,Pinus_radiata,True,2239,0.0,persistente,,0.023,ifn_2010
86532,Pinus_pinaster,True,1228,0.324,persistente,,0.031,ifn_2010
86533,Eucalyptus_globulus,True,2651,7.285,persistente,,0.019,ifn_2010
86534,Eucalyptus_globulus,True,11157,10.169,persistente,,0.034,ifn_2010
86535,Pinus_pinaster,True,368,0.021,persistente,,0.033,ifn_2010
86536,Pinus_pinaster,True,3668,2.573,persistente,,0.038,ifn_2010
86537,Pinus_radiata,True,333,0.0,evento,2024.0,0.261,desconocida
86538,Pinus_pinaster,True,2185,9.955,persistente,,0.074,ifn_2010
86539,Pinus_pinaster,True,313,1.622,persistente,,0.102,ifn_2010
86540,Eucalyptus_globulus,True,1291,2.111,persistente,,0.011,ifn_2010
86541,Pinus_pinaster,True,7526,14.16,persistente,,0.03,ifn_2010
86542,Pinus_pinaster,True,8451,0.0,persistente,,0.018,ifn_2010
86543,Salix_spp,False,1912,0.0,persistente,,0.019,ifn_2010
86544,Eucalyptus_globulus,True,13819,7.451,persistente,,0.019,ifn_2010
86545,Quercus_robur,False,2009,0.0,persistente,,0.019,ifn_2010
86546,Quercus_robur,False,1764,0.0,persistente,,0.043,ifn_2010
86547,Eucalyptus_globulus,True,8731,14.104,persistente,,0.013,ifn_2010
86548,Pinus_pinaster,True,368,0.0,persistente,,0.036,ifn_2010
86549,Quercus_robur,False,8947,2.912,persistente,,0.018,ifn_2010
86550,Eucalyptus_globulus,True,462,1.172,persistente,,0.032,ifn_2010
86551,Eucalyptus_globulus,True,251,1.097,persistente,,0.078,ifn_2010
86552,Eucalyptus_globulus,True,2008,0.425,persistente,,0.029,ifn_2010
86553,Quercus_robur,False,886,0.0,persistente,,0.01,ifn_2010
86554,Pinus_pinaster,True,151,0.148,evento,2025.0,0.215,desconocida
86555,Eucalyptus_globulus,True,5875,3.107,persistente,,0.007,ifn_2010
86556,Pinus_pinaster,True,1980,0.0,persistente,,0.036,ifn_2010
86557,Eucalyptus_globulus,True,5037,0.0,persistente,,0.137,ifn_2010
86558,Eucalyptus_globulus,True,718,0.0,persistente,,0.11,ifn_2010
86559,Eucalyptus_globulus,True,3763,0.189,persistente,,0.071,ifn_2010
86560,Eucalyptus_globulus,True,189,0.0,evento,2025.0,0.316,prohibida_rebrote
86561,Eucalyptus_globulus,True,706,0.0,evento,2025.0,0.265,prohibida_rebrote
86562,Eucalyptus_globulus,True,1385,1.645,persistente,,0.03,ifn_2010
86563,Eucalyptus_globulus,True,674,0.0,persistente,,0.044,ifn_2010
86564,Eucalyptus_globulus,True,3452,6.646,persistente,,0.038,ifn_2010
86565,Quercus_robur,False,3928,9.375,persistente,,0.016,ifn_2010
86566,Pinus_pinaster,True,2036,0.0,persistente,,0.066,ifn_2010
86567,Pinus_pinaster,True,641,0.0,evento,2021.0,0.191,desconocida
86568,Quercus_robur,False,244,0.0,persistente,,0.023,ifn_2010
86569,Pinus_radiata,True,488,0.0,persistente,,0.038,ifn_2010
86570,Pinus_pinaster,True,1081,0.0,persistente,,0.037,ifn_2010
86571,Pinus_pinaster,True,4750,0.231,persistente,,0.052,ifn_2010
86572,Quercus_robur,False,4080,0.0,persistente,,0.01,ifn_2010
86573,Eucalyptus_globulus,True,15394,3.978,persistente,,0.015,ifn_2010
86574,Pinus_pinaster,True,453,0.0,persistente,,0.101,ifn_2010
86575,Pinus_pinaster,True,1138,0.0,persistente,,0.114,ifn_2010
86576,Pinus_pinaster,True,513,0.0,persistente,,0.133,ifn_2010
86577,Pinus_pinaster,True,424,0.0,persistente,,0.1,ifn_2010
86578,Pinus_pinaster,True,2304,0.0,persistente,,0.037,ifn_2010
86579,Quercus_rubra,False,628,0.006,persistente,,0.019,ifn_2010
86580,Pinus_radiata,True,3640,0.0,persistente,,0.038,ifn_2010
86581,Pinus_radiata,True,5593,0.044,persistente,,0.03,ifn_2010
86582,Pinus_pinaster,True,791,0.0,persistente,,0.079,ifn_2010
86583,Quercus_robur,False,16822,7.296,persistente,,0.012,ifn_2010
86584,Pinus_radiata,True,213,0.0,persistente,,0.078,ifn_2010
86585,Pinus_radiata,True,357,0.0,persistente,,0.014,ifn_2010
86586,Pinus_radiata,True,2906,0.0,persistente,,0.025,ifn_2010
86587,Pinus_pinaster,True,547,0.0,persistente,,0.068,ifn_2010
86588,Pinus_pinaster,True,1544,0.0,persistente,,0.036,ifn_2010
86589,Pinus_radiata,True,1815,0.0,persistente,,0.039,ifn_2010
86590,Quercus_robur,False,3319,1.556,persistente,,0.013,ifn_2010
86591,Pinus_pinaster,True,988,0.0,persistente,,0.096,ifn_2010
86592,Eucalyptus_globulus,True,4704,3.16,persistente,,0.022,ifn_2010
86593,Pinus_pinaster,True,7075,8.912,persistente,,0.014,ifn_2010
86594,Quercus_robur,False,8361,7.851,persistente,,0.027,ifn_2010
86595,Pinus_pinaster,True,288,1.074,persistente,,0.035,ifn_2010
86596,Quercus_robur,False,3734,7.903,persistente,,0.015,ifn_2010
86597,Eucalyptus_globulus,True,3514,6.436,persistente,,0.015,ifn_2010
86598,Eucalyptus_globulus,True,849,3.166,persistente,,0.049,ifn_2010
86599,Eucalyptus_globulus,True,3120,0.011,persistente,,0.015,ifn_2010
86600,Pinus_pinaster,True,22575,15.709,persistente,,0.014,ifn_2010
86601,Pinus_pinaster,True,8515,3.671,persistente,,0.014,ifn_2010
86602,Pinus_pinaster,True,1867,1.28,persistente,,0.041,ifn_2010
86603,Eucalyptus_globulus,True,4030,0.693,persistente,,0.013,ifn_2010
86604,Quercus_robur,False,13751,7.295,persistente,,0.004,ifn_2010
86605,Alnus_glutinosa,False,587,0.0,persistente,,0.026,ifn_2010
86606,Pinus_pinaster,True,1495,0.0,persistente,,0.185,ifn_2010
86607,Quercus_rubra,False,275,0.0,persistente,,0.011,ifn_2010
86608,Quercus_rubra,False,1382,0.099,persistente,,0.019,ifn_2010
86609,Pinus_pinaster,True,1945,0.0,persistente,,0.066,ifn_2010
86610,Eucalyptus_globulus,True,3352,2.334,persistente,,0.008,ifn_2010
86611,Pinus_pinaster,True,1747,0.0,persistente,,0.16,ifn_2010
86612,Pinus_pinaster,True,594,0.0,persistente,,0.022,ifn_2010
86613,Eucalyptus_globulus,True,1664,0.0,persistente,,0.03,ifn_2010
86614,Pinus_pinaster,True,1106,0.499,persistente,,0.027,ifn_2010
86616,Quercus_robur,False,29763,22.643,persistente,,0.017,ifn_2010
86617,Quercus_robur,False,166,0.705,persistente,,0.014,ifn_2010
86618,Pinus_pinaster,True,6,0.0,persistente,,0.052,ifn_2010
86619,Pinus_sylvestris,True,3750,0.0,persistente,,0.032,ifn_2010
86620,Eucalyptus_globulus,True,431,0.0,evento,2019.0,0.367,prohibida_rebrote
86621,Pinus_pinaster,True,1070,0.0,persistente,,0.021,ifn_2010
86622,Pinus_pinaster,True,4915,1.294,persistente,,0.064,ifn_2010
86623,Eucalyptus_globulus,True,3189,0.173,evento,2024.0,0.237,prohibida_rebrote
86624,Pinus_pinaster,True,894,0.0,persistente,,0.019,ifn_2010
86625,Pinus_pinaster,True,3042,0.0,persistente,,0.079,ifn_2010
86626,Eucalyptus_globulus,True,583,0.0,persistente,,0.062,ifn_2010
86627,Pinus_pinaster,True,1357,0.095,persistente,,0.053,ifn_2010
86628,Pinus_pinaster,True,6296,4.613,persistente,,0.023,ifn_2010
86629,Pinus_pinaster,True,3559,2.121,persistente,,0.017,ifn_2010
86630,Pinus_pinaster,True,2011,1.317,persistente,,0.082,ifn_2010
86631,Pinus_pinaster,True,0,0.092,sin_dato,,,sin_serie
86632,Quercus_suber,False,5418,4.445,persistente,,0.018,ifn_2010
86633,Eucalyptus_globulus,True,2018,0.0,evento,2026.0,0.222,prohibida_rebrote
86634,Eucalyptus_globulus,True,5372,0.0,persistente,,0.127,ifn_2010
86635,Salix_atrocinerea,False,266,0.0,persistente,,0.019,ifn_2010
86636,Salix_atrocinerea,False,152,0.0,persistente,,0.023,ifn_2010
86637,Quercus_robur,False,213,1.089,persistente,,0.025,ifn_2010
86638,Quercus_robur,False,1125,0.0,persistente,,0.02,ifn_2010
86639,Pinus_pinaster,True,658,0.0,persistente,,0.021,ifn_2010
86640,Eucalyptus_globulus,True,3692,1.22,persistente,,0.066,ifn_2010
86641,Eucalyptus_globulus,True,1288,0.0,persistente,,0.078,ifn_2010
86642,Eucalyptus_globulus,True,427,0.0,persistente,,0.016,ifn_2010
86643,Alnus_glutinosa,False,102,0.0,persistente,,0.059,ifn_2010
86644,Pinus_pinaster,True,1255,0.0,persistente,,0.037,ifn_2010
86645,Pinus_pinaster,True,1449,0.0,persistente,,0.192,ifn_2010
86646,Pinus_pinaster,True,756,0.0,evento,2018.0,0.344,desconocida
86647,Eucalyptus_globulus,True,379,0.0,persistente,,0.018,ifn_2010
86648,Pinus_pinaster,True,103,0.0,persistente,,0.033,ifn_2010
86649,Eucalyptus_globulus,True,281,0.025,persistente,,0.005,ifn_2010
86650,Quercus_robur,False,158,0.152,persistente,,0.029,ifn_2010
86651,Quercus_robur,False,1142,2.505,persistente,,0.011,ifn_2010
86652,Quercus_robur,False,451,0.545,persistente,,0.019,ifn_2010
86653,Eucalyptus_globulus,True,103,0.424,persistente,,0.023,ifn_2010
86654,Pinus_pinaster,True,671,2.304,persistente,,0.115,ifn_2010
86655,Pinus_pinaster,True,110,0.44,persistente,,0.034,ifn_2010
86656,Pinus_pinaster,True,217,0.0,persistente,,0.02,ifn_2010
86657,Quercus_robur,False,1876,0.102,persistente,,0.02,ifn_2010
86658,Eucalyptus_globulus,True,3553,1.937,persistente,,0.016,ifn_2010
86659,Eucalyptus_globulus,True,2491,0.226,persistente,,0.016,ifn_2010
86660,Quercus_pyrenaica,False,293,0.0,persistente,,0.032,ifn_2010
86661,Quercus_robur,False,2735,1.532,persistente,,0.048,ifn_2010
86662,Quercus_robur,False,15554,1.937,persistente,,0.016,ifn_2010
86663,Pinus_pinaster,True,2684,0.0,persistente,,0.139,ifn_2010
86664,Quercus_robur,False,1230,0.0,persistente,,0.034,ifn_2010
86665,Quercus_robur,False,170,0.0,persistente,,0.013,ifn_2010
86666,Eucalyptus_globulus,True,171,0.0,persistente,,0.085,ifn_2010
86667,Quercus_robur,False,126,0.797,persistente,,0.07,ifn_2010
86668,Salix_spp,False,118,0.221,evento,2018.0,0.309,desconocida
86669,Quercus_robur,False,144,0.665,evento,2026.0,0.182,desconocida
86670,Eucalyptus_globulus,True,1393,0.895,persistente,,0.035,ifn_2010
86671,Pinus_pinaster,True,2745,0.0,persistente,,0.05,ifn_2010
86672,Betula_alba,False,1268,0.807,persistente,,0.026,ifn_2010
86673,Alnus_glutinosa,False,165,0.581,persistente,,0.019,ifn_2010
86674,Laurus_nobilis,False,108,0.0,persistente,,0.012,ifn_2010
86675,Quercus_robur,False,389,0.0,persistente,,0.021,ifn_2010
86676,Quercus_robur,False,488,0.0,persistente,,0.033,ifn_2010
86677,Quercus_robur,False,518,0.312,persistente,,0.02,ifn_2010
86678,Pinus_pinaster,True,323,0.0,persistente,,0.024,ifn_2010
86679,Quercus_robur,False,555,0.0,persistente,,0.023,ifn_2010
86680,Eucalyptus_globulus,True,164,0.0,persistente,,0.009,ifn_2010
86681,Pinus_pinaster,True,830,0.0,persistente,,0.017,ifn_2010
86682,Pinus_pinaster,True,814,0.416,persistente,,0.034,ifn_2010
86683,Quercus_robur,False,192,0.0,persistente,,0.03,ifn_2010
86684,Quercus_robur,False,1039,0.892,persistente,,0.014,ifn_2010
86685,Eucalyptus_globulus,True,2752,0.287,persistente,,0.03,ifn_2010
86686,Pinus_pinaster,True,245,0.792,persistente,,0.122,ifn_2010
86687,Quercus_rubra,False,64,0.0,persistente,,0.035,ifn_2010
86688,Pinus_pinaster,True,550,2.019,persistente,,0.092,ifn_2010
86689,Pinus_pinaster,True,1256,1.016,persistente,,0.108,ifn_2010
86690,Pinus_pinaster,True,1021,0.987,persistente,,0.096,ifn_2010
86691,Eucalyptus_globulus,True,305,0.0,persistente,,0.047,ifn_2010
86692,Eucalyptus_globulus,True,1862,3.461,persistente,,0.024,ifn_2010
86693,Pinus_pinaster,True,395,0.0,persistente,,0.041,ifn_2010
86694,Pinus_pinaster,True,887,2.905,persistente,,0.044,ifn_2010
86695,Pinus_pinaster,True,4724,0.0,persistente,,0.046,ifn_2010
86696,Pinus_pinaster,True,1216,0.0,persistente,,0.018,ifn_2010
86697,Quercus_robur,False,184,0.664,persistente,,0.035,ifn_2010
86698,Eucalyptus_globulus,True,291,1.913,persistente,,0.046,ifn_2010
86699,Quercus_robur,False,160,0.126,persistente,,0.026,ifn_2010
86700,Eucalyptus_globulus,True,981,0.0,persistente,,0.02,ifn_2010
86701,Pinus_pinaster,True,348,0.309,persistente,,0.055,ifn_2010
86702,Quercus_rubra,False,294,0.292,persistente,,0.006,ifn_2010
86703,Eucalyptus_globulus,True,3348,4.575,persistente,,0.018,ifn_2010
86704,Pinus_pinaster,True,126,0.0,persistente,,0.089,ifn_2010
86705,Eucalyptus_globulus,True,517,0.44,persistente,,0.027,ifn_2010
86706,Quercus_robur,False,119,0.0,persistente,,0.051,ifn_2010
86707,Pinus_pinaster,True,383,1.407,persistente,,0.031,ifn_2010
86709,Quercus_robur,False,846,0.0,persistente,,0.013,ifn_2010
86710,Eucalyptus_globulus,True,735,1.227,persistente,,0.041,ifn_2010
86711,Quercus_robur,False,1677,5.662,persistente,,0.017,ifn_2010
86712,Quercus_robur,False,292,0.374,persistente,,0.011,ifn_2010
86713,Eucalyptus_globulus,True,299,0.0,persistente,,0.134,ifn_2010
86718,Pinus_pinaster,True,7314,0.0,evento,2018.0,0.22,desconocida
86719,Pinus_pinaster,True,9031,0.0,persistente,,0.126,ifn_2010
86720,Pinus_pinaster,True,7071,6.124,persistente,,0.01,ifn_2010
86721,Pinus_pinaster,True,2886,0.602,persistente,,0.036,ifn_2010
86723,Pinus_pinaster,True,241,0.0,evento,2018.0,0.274,desconocida
86724,Pinus_pinaster,True,345,0.007,persistente,,0.047,ifn_2010
86725,Quercus_robur,False,901,0.772,persistente,,0.018,ifn_2010
86726,Pinus_pinaster,True,9473,0.07,evento,2020.0,0.314,desconocida
87537,Alnus_glutinosa,False,1161,0.0,persistente,,0.018,ifn_2010
95048,Pinus_pinaster,True,0,0.0,sin_dato,,,sin_serie
95052,Quercus_robur,False,2134,0.0,persistente,,0.042,ifn_2010
95053,Eucalyptus_globulus,True,6409,0.0,persistente,,0.146,ifn_2010
95506,Quercus_robur,False,10328,0.0,persistente,,0.039,ifn_2010
95507,Pinus_pinaster,True,878,0.0,persistente,,0.178,ifn_2010
95508,Pinus_pinaster,True,4004,0.0,persistente,,0.188,ifn_2010
95509,Eucalyptus_globulus,True,2909,0.0,persistente,,0.118,ifn_2010
95510,Eucalyptus_globulus,True,7929,0.0,evento,2018.0,0.299,prohibida_rebrote
95511,Pinus_radiata,True,2691,0.0,evento,2018.0,0.325,desconocida
95512,Pinus_pinaster,True,4619,0.0,evento,2018.0,0.293,desconocida
95513,Pinus_pinaster,True,6926,0.0,persistente,,0.189,ifn_2010
95514,Quercus_robur,False,1045,0.0,persistente,,0.182,ifn_2010
95515,Pinus_pinaster,True,2378,0.0,persistente,,0.162,ifn_2010
95538,Alnus_glutinosa,False,3989,0.929,persistente,,0.025,ifn_2010
95539,Quercus_robur,False,543,0.0,persistente,,0.018,ifn_2010
95540,Quercus_robur,False,5814,0.0,persistente,,0.026,ifn_2010
95541,Quercus_robur,False,21906,2.126,persistente,,0.028,ifn_2010
95542,Pinus_pinaster,True,302,0.0,evento,2023.0,0.225,desconocida
95543,Pinus_pinaster,True,1151,0.0,persistente,,0.105,ifn_2010
95544,Eucalyptus_globulus,True,1470,0.0,persistente,,0.035,ifn_2010
95545,Pinus_pinaster,True,2046,0.0,persistente,,0.119,ifn_2010
95546,Eucalyptus_globulus,True,13546,0.0,persistente,,0.026,ifn_2010
95547,Quercus_robur,False,1958,0.0,persistente,,0.014,ifn_2010
95548,Quercus_robur,False,8257,3.528,persistente,,0.02,ifn_2010
95549,Quercus_robur,False,2270,0.254,persistente,,0.022,ifn_2010
95550,Eucalyptus_globulus,True,5151,0.0,evento,2021.0,0.342,prohibida_rebrote
95551,Pinus_pinaster,True,25331,0.0,persistente,,0.054,ifn_2010
95552,Quercus_robur,False,14370,7.258,persistente,,0.016,ifn_2010
95553,Quercus_robur,False,3112,0.0,persistente,,0.016,ifn_2010
95554,Eucalyptus_globulus,True,1419,0.0,persistente,,0.18,ifn_2010
95555,Pinus_pinaster,True,3717,0.0,persistente,,0.019,ifn_2010
95556,Pinus_pinaster,True,5512,0.0,persistente,,0.012,ifn_2010
95557,Pinus_pinaster,True,7030,0.0,persistente,,0.018,ifn_2010
95558,Quercus_robur,False,14112,0.0,persistente,,0.016,ifn_2010
95559,Quercus_robur,False,7788,2.652,persistente,,0.031,ifn_2010
95566,Pinus_pinaster,True,1316,0.0,persistente,,0.151,ifn_2010
95570,Quercus_robur,False,564,1.769,persistente,,0.025,ifn_2010
