nw_x,nw_y,ha_illadas,ha_nucleos,ha_faixa,NOMECONCEL,PARROQUIA,n_parroquias,bloque
559,4674,11.844977539399938,26.178077828515313,38.02305536791525,A Cañiza,A Cañiza (Santa Teresa),2,PNOA-2024-GAL-559-4674-H29-NPC01.LAZ
562,4668,12.976063183573642,22.991913119597925,35.96797630317157,Crecente,Vilar (San Xorxe),2,PNOA-2024-GAL-562-4668-H29-NPC01.LAZ
557,4670,6.024893723969242,29.114186614857218,35.13908033882646,A Cañiza,Parada das Achas (Santiago),1,PNOA-2024-GAL-557-4670-H29-NPC01.LAZ
560,4674,10.817983607711087,24.015082554994525,34.83306616270561,A Cañiza,A Cañiza (Santa Teresa),2,PNOA-2024-GAL-560-4674-H29-NPC01.LAZ
562,4667,8.184034937621064,24.419350309263248,32.603385246884315,Crecente,Albeos (San Xoán),3,PNOA-2024-GAL-562-4667-H29-NPC01.LAZ
556,4668,3.740489466898533,28.2465052585944,31.986994725492934,A Cañiza,Luneda (Santa María),1,PNOA-2024-GAL-556-4668-H29-NPC01.LAZ
559,4669,6.556472197771412,24.87550061195513,31.431972809726542,A Cañiza,Valeixe (Santa Cristina),1,PNOA-2024-GAL-559-4669-H29-NPC01.LAZ
561,4667,9.179429066027353,21.116196626772055,30.29562569279941,Crecente,Albeos (San Xoán),1,PNOA-2024-GAL-561-4667-H29-NPC01.LAZ
549,4679,13.61210911503017,16.67198884023836,30.28409795526853,Covelo,Barcia de Mera (San Martiño),1,PNOA-2024-GAL-549-4679-H29-NPC01.LAZ
557,4663,3.5127350056679325,26.514376686622686,30.027111692290617,Arbo,Arbo (Santa María),1,PNOA-2024-GAL-557-4663-H29-NPC01.LAZ
558,4671,5.265642105231049,24.46623544521543,29.731877550446477,A Cañiza,Parada das Achas (Santiago),2,PNOA-2024-GAL-558-4671-H29-NPC01.LAZ
560,4665,9.761321174048371,19.81232383499767,29.57364500904604,Arbo,Cequeliños (San Miguel),1,PNOA-2024-GAL-560-4665-H29-NPC01.LAZ
559,4675,5.819459385339924,23.349454870220463,29.168914255560388,A Cañiza,A Cañiza (Santa Teresa),3,PNOA-2024-GAL-559-4675-H29-NPC01.LAZ
558,4670,4.898999737564903,23.836399857524434,28.735399595089337,A Cañiza,Valeixe (Santa Cristina),2,PNOA-2024-GAL-558-4670-H29-NPC01.LAZ
558,4666,2.7074845799448477,25.623258663465652,28.3307432434105,Arbo,Mourentán (San Cristovo),1,PNOA-2024-GAL-558-4666-H29-NPC01.LAZ
556,4663,2.128411798663905,25.970004528204154,28.09841632686806,Arbo,Arbo (Santa María),1,PNOA-2024-GAL-556-4663-H29-NPC01.LAZ
564,4667,3.743686557134799,24.203165397957907,27.946851955092704,Crecente,Ribeira (Santa Mariña),3,PNOA-2024-GAL-564-4667-H29-NPC01.LAZ
559,4670,8.660399533980783,19.148359206592666,27.80875874057345,A Cañiza,Valeixe (Santa Cristina),1,PNOA-2024-GAL-559-4670-H29-NPC01.LAZ
559,4668,3.9548029754871195,22.789184167314374,26.743987142801494,A Cañiza,Valeixe (Santa Cristina),1,PNOA-2024-GAL-559-4668-H29-NPC01.LAZ
564,4668,6.460697176023946,19.65994631845169,26.120643494475637,Crecente,Crecente (San Pedro),2,PNOA-2024-GAL-564-4668-H29-NPC01.LAZ
552,4677,1.1467958812512957,24.078313103945085,25.225108985196382,Covelo,Santiago de Covelo (Santiago),2,PNOA-2024-GAL-552-4677-H29-NPC01.LAZ
552,4676,3.0414299944072933,21.94935208906457,24.990782083471863,Covelo,Santiago de Covelo (Santiago),2,PNOA-2024-GAL-552-4676-H29-NPC01.LAZ
562,4669,8.448933250307471,16.323328313549297,24.772261563856766,Crecente,Vilar (San Xorxe),1,PNOA-2024-GAL-562-4669-H29-NPC01.LAZ
560,4675,8.140153241834577,16.51934324271653,24.659496484551106,A Cañiza,A Cañiza (Santa Teresa),2,PNOA-2024-GAL-560-4675-H29-NPC01.LAZ
559,4667,3.3764847476309536,21.243030366580275,24.61951511421123,Crecente,Albeos (San Xoán),3,PNOA-2024-GAL-559-4667-H29-NPC01.LAZ
561,4675,3.7328934149254414,20.827543939925462,24.560437354850905,A Cañiza,Oroso (Santa María),1,PNOA-2024-GAL-561-4675-H29-NPC01.LAZ
563,4666,7.745455377276999,16.18307853511466,23.928533912391657,Crecente,Ribeira (Santa Mariña),1,PNOA-2024-GAL-563-4666-H29-NPC01.LAZ
562,4671,1.8390817356202052,22.019110294899928,23.858192030520133,A Cañiza,O Couto (San Bartolomeu),1,PNOA-2024-GAL-562-4671-H29-NPC01.LAZ
555,4662,6.899914523866555,16.92752088857116,23.827435412437715,Arbo,Barcela (San Xoán),3,PNOA-2024-GAL-555-4662-H29-NPC01.LAZ
558,4679,1.2953864677334919,22.06565323762706,23.361039705360554,A Cañiza,Petán (San Xián),1,PNOA-2024-GAL-558-4679-H29-NPC01.LAZ
560,4669,6.013250580302337,17.24671754120858,23.259968121510916,A Cañiza,Valeixe (Santa Cristina),1,PNOA-2024-GAL-560-4669-H29-NPC01.LAZ
557,4666,0.3811724959437618,22.874403266970994,23.255575762914756,Arbo,Mourentán (San Cristovo),1,PNOA-2024-GAL-557-4666-H29-NPC01.LAZ
558,4669,3.1453846429627954,19.276590891914612,22.421975534877408,A Cañiza,Valeixe (Santa Cristina),2,PNOA-2024-GAL-558-4669-H29-NPC01.LAZ
558,4667,1.805591607608212,20.550131928589984,22.355723536198195,Arbo,Mourentán (San Cristovo),2,PNOA-2024-GAL-558-4667-H29-NPC01.LAZ
557,4683,2.2782401554328846,19.536555896353526,21.81479605178641,Covelo,Prado (San Salvador),2,PNOA-2024-GAL-557-4683-H29-NPC01.LAZ
563,4667,2.9426381078192243,18.69012974676933,21.632767854588554,Crecente,Crecente (San Pedro),4,PNOA-2024-GAL-563-4667-H29-NPC01.LAZ
559,4676,3.5406160627132084,17.169252422447187,20.709868485160396,A Cañiza,As Achas (San Sebastián),2,PNOA-2024-GAL-559-4676-H29-NPC01.LAZ
557,4675,1.0499074882617532,18.846111965784466,19.89601945404622,A Cañiza,As Achas (San Sebastián),1,PNOA-2024-GAL-557-4675-H29-NPC01.LAZ
564,4669,1.5463768638955169,18.215521368831194,19.76189823272671,Crecente,Crecente (San Pedro),1,PNOA-2024-GAL-564-4669-H29-NPC01.LAZ
561,4666,15.487741615366897,4.272171069987711,19.759912685354607,Crecente,Albeos (San Xoán),2,PNOA-2024-GAL-561-4666-H29-NPC01.LAZ
553,4661,3.409274125362126,16.312618758778402,19.72189288414053,Arbo,Sela (Santa María),2,PNOA-2024-GAL-553-4661-H29-NPC01.LAZ
562,4672,3.5501898711450024,15.992029124499977,19.54221899564498,A Cañiza,O Couto (San Bartolomeu),2,PNOA-2024-GAL-562-4672-H29-NPC01.LAZ
560,4667,8.716751481381822,10.823644541688875,19.5403960230707,Crecente,Albeos (San Xoán),2,PNOA-2024-GAL-560-4667-H29-NPC01.LAZ
553,4680,4.738523010904578,14.768771994129898,19.507295005034475,Covelo,Maceira (San Salvador),1,PNOA-2024-GAL-553-4680-H29-NPC01.LAZ
549,4680,3.8470222204031006,15.630449485563885,19.477471705966984,Covelo,Barcia de Mera (San Martiño),1,PNOA-2024-GAL-549-4680-H29-NPC01.LAZ
557,4667,2.7812068547895925,16.250595074930207,19.031801929719798,Arbo,Mourentán (San Cristovo),1,PNOA-2024-GAL-557-4667-H29-NPC01.LAZ
560,4668,3.4807888769809647,15.537262746268993,19.01805162324996,A Cañiza,Valeixe (Santa Cristina),2,PNOA-2024-GAL-560-4668-H29-NPC01.LAZ
550,4673,3.255396800567612,15.749353429986183,19.004750230553796,Covelo,Paraños (Santa María),1,PNOA-2024-GAL-550-4673-H29-NPC01.LAZ
567,4669,1.664752758752797,17.23969905929801,18.90445181805081,Crecente,Sendelle (Santa Cruz),1,PNOA-2024-GAL-567-4669-H29-NPC01.LAZ
554,4661,2.319742407475836,16.34642422599518,18.666166633471015,Arbo,Barcela (San Xoán),2,PNOA-2024-GAL-554-4661-H29-NPC01.LAZ
563,4669,3.929275766280791,14.67980937836812,18.609085144648912,Crecente,Vilar (San Xorxe),2,PNOA-2024-GAL-563-4669-H29-NPC01.LAZ
561,4671,0.6235575307161831,17.855398109285094,18.478955640001278,A Cañiza,O Couto (San Bartolomeu),1,PNOA-2024-GAL-561-4671-H29-NPC01.LAZ
557,4668,6.0792562195232955,12.397024840885756,18.47628106040905,A Cañiza,Valeixe (Santa Cristina),3,PNOA-2024-GAL-557-4668-H29-NPC01.LAZ
550,4678,3.4549016223143805,14.744237989603365,18.199139611917744,Covelo,Barcia de Mera (San Martiño),2,PNOA-2024-GAL-550-4678-H29-NPC01.LAZ
553,4676,1.9427422895441504,15.571885590733716,17.514627880277867,Covelo,Santiago de Covelo (Santiago),1,PNOA-2024-GAL-553-4676-H29-NPC01.LAZ
558,4674,2.251263691226613,15.094592377752758,17.34585606897937,A Cañiza,As Achas (San Sebastián),1,PNOA-2024-GAL-558-4674-H29-NPC01.LAZ
557,4674,0.9061055636898949,16.434555389511186,17.34066095320108,A Cañiza,As Achas (San Sebastián),1,PNOA-2024-GAL-557-4674-H29-NPC01.LAZ
558,4664,4.543559100900507,12.571933335014052,17.115492435914557,Arbo,Arbo (Santa María),2,PNOA-2024-GAL-558-4664-H29-NPC01.LAZ
552,4661,3.2728427395928095,13.706722823937893,16.979565563530702,Arbo,Sela (Santa María),1,PNOA-2024-GAL-552-4661-H29-NPC01.LAZ
563,4671,1.8260140446606998,14.779446109280908,16.605460153941607,A Cañiza,O Couto (San Bartolomeu),1,PNOA-2024-GAL-563-4671-H29-NPC01.LAZ
559,4677,1.7356856783120727,14.847168359929778,16.58285403824185,A Cañiza,Petán (San Xián),1,PNOA-2024-GAL-559-4677-H29-NPC01.LAZ
560,4670,0.9732298756409596,15.604220232423968,16.577450108064927,A Cañiza,Valeixe (Santa Cristina),1,PNOA-2024-GAL-560-4670-H29-NPC01.LAZ
558,4676,2.089953251535117,14.354640472991285,16.444593724526403,A Cañiza,Petán (San Xián),2,PNOA-2024-GAL-558-4676-H29-NPC01.LAZ
554,4663,0.2091570762722448,16.189261199279922,16.398418275552167,Arbo,Cabeiras (San Sebastián),1,PNOA-2024-GAL-554-4663-H29-NPC01.LAZ
551,4670,0.49328576548081876,15.62947180788117,16.12275757336199,A Cañiza,A Franqueira (Santa María),1,PNOA-2024-GAL-551-4670-H29-NPC01.LAZ
566,4672,1.4276742805675045,14.625887223666282,16.053561504233787,Crecente,Rebordechán (Santa María),1,PNOA-2024-GAL-566-4672-H29-NPC01.LAZ
554,4680,4.2209125391062665,11.72960142527511,15.950513964381376,Covelo,Maceira (San Salvador),1,PNOA-2024-GAL-554-4680-H29-NPC01.LAZ
555,4661,0.7396736080687643,15.032311062522906,15.77198467059167,Arbo,Barcela (San Xoán),2,PNOA-2024-GAL-555-4661-H29-NPC01.LAZ
565,4667,2.38642114575611,13.30438488315164,15.69080602890775,Crecente,Quintela (San Caetano),1,PNOA-2024-GAL-565-4667-H29-NPC01.LAZ
549,4677,2.684952261011797,12.87729445080596,15.562246711817757,Covelo,Casteláns (Santo Estevo),1,PNOA-2024-GAL-549-4677-H29-NPC01.LAZ
558,4668,3.865568701225897,11.694784026427977,15.560352727653873,A Cañiza,Valeixe (Santa Cristina),2,PNOA-2024-GAL-558-4668-H29-NPC01.LAZ
554,4682,3.4056794274939195,11.994106159674141,15.399785587168061,Covelo,Fofe (San Miguel),2,PNOA-2024-GAL-554-4682-H29-NPC01.LAZ
557,4665,5.093445856702435,10.259519582354336,15.35296543905677,Arbo,Mourentán (San Cristovo),2,PNOA-2024-GAL-557-4665-H29-NPC01.LAZ
563,4674,4.967788901798238,10.334869523798279,15.302658425596517,Crecente,A Ameixeira (San Bernabeu),2,PNOA-2024-GAL-563-4674-H29-NPC01.LAZ
562,4675,1.4167832000209049,13.566390761645293,14.983173961666198,A Cañiza,Oroso (Santa María),1,PNOA-2024-GAL-562-4675-H29-NPC01.LAZ
557,4682,1.6095111880612247,13.289267723802258,14.898778911863483,Covelo,Godóns (Santa María),2,PNOA-2024-GAL-557-4682-H29-NPC01.LAZ
556,4669,2.020388716765106,12.85799864332147,14.878387360086576,A Cañiza,Luneda (Santa María),2,PNOA-2024-GAL-556-4669-H29-NPC01.LAZ
553,4673,2.282483566250773,12.462458506835242,14.744942073086015,Covelo,A Lamosa (San Bartolomeu),2,PNOA-2024-GAL-553-4673-H29-NPC01.LAZ
556,4667,1.7903505073945187,12.949280677905728,14.739631185300247,Arbo,Mourentán (San Cristovo),2,PNOA-2024-GAL-556-4667-H29-NPC01.LAZ
561,4674,4.299175820921764,10.428980767366488,14.728156588288252,A Cañiza,Oroso (Santa María),1,PNOA-2024-GAL-561-4674-H29-NPC01.LAZ
557,4671,3.6102037648758905,11.111587960828832,14.721791725704723,A Cañiza,Parada das Achas (Santiago),1,PNOA-2024-GAL-557-4671-H29-NPC01.LAZ
561,4669,2.3957710333153224,12.274518666996025,14.670289700311347,A Cañiza,Valeixe (Santa Cristina),2,PNOA-2024-GAL-561-4669-H29-NPC01.LAZ
556,4687,3.3606993607279154,10.862702061223969,14.223401421951884,Covelo,A Graña (San Bernabeu),1,PNOA-2024-GAL-556-4687-H29-NPC01.LAZ
555,4682,1.787234474893408,12.385891201611235,14.173125676504643,Covelo,Godóns (Santa María),2,PNOA-2024-GAL-555-4682-H29-NPC01.LAZ
558,4663,1.3350739391554145,12.582508293787876,13.91758223294329,Arbo,Arbo (Santa María),1,PNOA-2024-GAL-558-4663-H29-NPC01.LAZ
553,4677,1.5576256143875877,12.137679698434757,13.695305312822345,Covelo,Santiago de Covelo (Santiago),2,PNOA-2024-GAL-553-4677-H29-NPC01.LAZ
560,4673,9.537047145923523,3.8084616434686396,13.345508789392163,A Cañiza,A Cañiza (Santa Teresa),2,PNOA-2024-GAL-560-4673-H29-NPC01.LAZ
557,4664,2.569955093113456,10.678531849500596,13.24848694261405,Arbo,Arbo (Santa María),2,PNOA-2024-GAL-557-4664-H29-NPC01.LAZ
567,4672,1.2472201893228017,11.635312624752743,12.882532814075544,Crecente,Rebordechán (Santa María),1,PNOA-2024-GAL-567-4672-H29-NPC01.LAZ
566,4674,2.7348215764859574,10.06238735991688,12.797208936402837,Crecente,Filgueira (San Pedro),1,PNOA-2024-GAL-566-4674-H29-NPC01.LAZ
557,4678,1.0710810933385102,11.630373779883666,12.701454873222175,A Cañiza,Petán (San Xián),1,PNOA-2024-GAL-557-4678-H29-NPC01.LAZ
557,4673,1.0324539383789701,11.549116937594311,12.58157087597328,A Cañiza,As Achas (San Sebastián),2,PNOA-2024-GAL-557-4673-H29-NPC01.LAZ
559,4673,7.622654167256881,4.800205990922309,12.42286015817919,A Cañiza,As Achas (San Sebastián),2,PNOA-2024-GAL-559-4673-H29-NPC01.LAZ
554,4679,0.9296833713809455,11.44214662244585,12.371829993826797,Covelo,Maceira (San Salvador),1,PNOA-2024-GAL-554-4679-H29-NPC01.LAZ
554,4671,1.4090434044859572,10.701940225472601,12.110983629958557,A Cañiza,Parada das Achas (Santiago),1,PNOA-2024-GAL-554-4671-H29-NPC01.LAZ
566,4668,2.757902604773832,9.309725387066944,12.067627991840777,Crecente,O Freixo (San Roque),3,PNOA-2024-GAL-566-4668-H29-NPC01.LAZ
558,4677,6.552165043100842,5.335744344560435,11.887909387661278,A Cañiza,Petán (San Xián),1,PNOA-2024-GAL-558-4677-H29-NPC01.LAZ
565,4668,6.133011494048937,5.463175594419685,11.596187088468621,Crecente,Quintela (San Caetano),3,PNOA-2024-GAL-565-4668-H29-NPC01.LAZ
562,4676,5.315996819890107,6.264108460824661,11.580105280714768,A Cañiza,Oroso (Santa María),1,PNOA-2024-GAL-562-4676-H29-NPC01.LAZ
556,4666,0.10222556539055778,11.188169714298073,11.290395279688632,Arbo,Mourentán (San Cristovo),1,PNOA-2024-GAL-556-4666-H29-NPC01.LAZ
561,4676,2.62569100792712,8.587179689695338,11.212870697622458,A Cañiza,Oroso (Santa María),1,PNOA-2024-GAL-561-4676-H29-NPC01.LAZ
559,4671,0.973580247880555,10.215160758247327,11.188741006127882,A Cañiza,Valeixe (Santa Cristina),2,PNOA-2024-GAL-559-4671-H29-NPC01.LAZ
557,4672,5.972574777688962,5.147632923690462,11.120207701379424,A Cañiza,Parada das Achas (Santiago),1,PNOA-2024-GAL-557-4672-H29-NPC01.LAZ
555,4671,1.4395733877302852,9.619399098507127,11.058972486237412,A Cañiza,Parada das Achas (Santiago),1,PNOA-2024-GAL-555-4671-H29-NPC01.LAZ
551,4679,0.8499997962281394,10.103698915881822,10.953698712109961,Covelo,Casteláns (Santo Estevo),1,PNOA-2024-GAL-551-4679-H29-NPC01.LAZ
561,4668,3.3316396630419116,7.611418814088698,10.94305847713061,A Cañiza,Valeixe (Santa Cristina),3,PNOA-2024-GAL-561-4668-H29-NPC01.LAZ
557,4669,2.6012817727148136,8.281927230147462,10.883209002862275,A Cañiza,Parada das Achas (Santiago),3,PNOA-2024-GAL-557-4669-H29-NPC01.LAZ
553,4679,1.4185899833640048,9.415847276283582,10.834437259647586,Covelo,Maceira (San Salvador),1,PNOA-2024-GAL-553-4679-H29-NPC01.LAZ
564,4666,4.813418887133955,5.962919608297908,10.776338495431864,Crecente,Ribeira (Santa Mariña),2,PNOA-2024-GAL-564-4666-H29-NPC01.LAZ
554,4662,2.2910599292912552,8.472893163068997,10.763953092360254,Arbo,Barcela (San Xoán),3,PNOA-2024-GAL-554-4662-H29-NPC01.LAZ
567,4671,0.625892634500441,10.025713469172674,10.651606103673114,Crecente,Angudes (San Xoán),1,PNOA-2024-GAL-567-4671-H29-NPC01.LAZ
564,4673,0.4758174468026533,10.174289383666492,10.650106830469145,Crecente,A Ameixeira (San Bernabeu),1,PNOA-2024-GAL-564-4673-H29-NPC01.LAZ
551,4675,0.6757936452591868,9.95981090446239,10.635604549721577,Covelo,Covelo (Santa Mariña),1,PNOA-2024-GAL-551-4675-H29-NPC01.LAZ
560,4666,4.377939694029501,6.130506652301066,10.508446346330567,Arbo,Cequeliños (San Miguel),2,PNOA-2024-GAL-560-4666-H29-NPC01.LAZ
550,4675,1.546254871231487,8.949755857181914,10.4960107284134,Covelo,Covelo (Santa Mariña),1,PNOA-2024-GAL-550-4675-H29-NPC01.LAZ
550,4682,0.10755833185301318,10.368865220140988,10.476423551994001,Covelo,O Piñeiro (San Xoán),1,PNOA-2024-GAL-550-4682-H29-NPC01.LAZ
551,4676,0.9554803460008069,9.499541053805144,10.45502139980595,Covelo,Covelo (Santa Mariña),1,PNOA-2024-GAL-551-4676-H29-NPC01.LAZ
555,4669,1.9328569201748707,8.498467506837692,10.431324427012562,A Cañiza,Luneda (Santa María),1,PNOA-2024-GAL-555-4669-H29-NPC01.LAZ
558,4675,1.8125328209744518,8.616922500607592,10.429455321582044,A Cañiza,As Achas (San Sebastián),2,PNOA-2024-GAL-558-4675-H29-NPC01.LAZ
556,4662,5.042725042952673,4.968288983960054,10.011014026912727,Arbo,Arbo (Santa María),1,PNOA-2024-GAL-556-4662-H29-NPC01.LAZ
555,4664,1.1635366289422717,8.807760254954694,9.971296883896965,Arbo,Arbo (Santa María),2,PNOA-2024-GAL-555-4664-H29-NPC01.LAZ
563,4668,3.6714087698767712,6.276315787414222,9.947724557290993,Crecente,Crecente (San Pedro),2,PNOA-2024-GAL-563-4668-H29-NPC01.LAZ
558,4678,3.431578760634662,6.506794031494686,9.938372792129348,A Cañiza,Petán (San Xián),1,PNOA-2024-GAL-558-4678-H29-NPC01.LAZ
549,4681,0.11519919318171712,9.808726978538296,9.923926171720012,Covelo,Barcia de Mera (San Martiño),1,PNOA-2024-GAL-549-4681-H29-NPC01.LAZ
567,4673,0.0,9.863300526148064,9.863300526148064,Crecente,Rebordechán (Santa María),1,PNOA-2024-GAL-567-4673-H29-NPC01.LAZ
558,4673,1.92753581800121,7.886226213529307,9.813762031530517,A Cañiza,As Achas (San Sebastián),1,PNOA-2024-GAL-558-4673-H29-NPC01.LAZ
555,4663,2.782977768312813,6.920432690101286,9.7034104584141,Arbo,Cabeiras (San Sebastián),2,PNOA-2024-GAL-555-4663-H29-NPC01.LAZ
563,4675,2.095700682625524,7.573543216670656,9.66924389929618,A Cañiza,Oroso (Santa María),2,PNOA-2024-GAL-563-4675-H29-NPC01.LAZ
566,4675,0.38385223951940267,9.173623253958114,9.557475493477517,Crecente,Filgueira (San Pedro),1,PNOA-2024-GAL-566-4675-H29-NPC01.LAZ
548,4680,1.6180266595497983,7.908622036348155,9.526648695897954,Covelo,Barcia de Mera (San Martiño),1,PNOA-2024-GAL-548-4680-H29-NPC01.LAZ
556,4672,0.10999840849930417,9.280903009722351,9.390901418221656,A Cañiza,Parada das Achas (Santiago),1,PNOA-2024-GAL-556-4672-H29-NPC01.LAZ
555,4680,5.407874370223634,3.9774638569852026,9.385338227208836,Covelo,Maceira (San Salvador),1,PNOA-2024-GAL-555-4680-H29-NPC01.LAZ
556,4686,0.8780511955481658,8.357387569249076,9.235438764797241,Covelo,A Graña (San Bernabeu),1,PNOA-2024-GAL-556-4686-H29-NPC01.LAZ
550,4679,0.0,9.218112214074022,9.218112214074022,Covelo,Barcia de Mera (San Martiño),1,PNOA-2024-GAL-550-4679-H29-NPC01.LAZ
549,4678,2.917984225723674,6.232396217773614,9.150380443497287,Covelo,Barcia de Mera (San Martiño),1,PNOA-2024-GAL-549-4678-H29-NPC01.LAZ
558,4665,3.074120434057218,5.990247221229617,9.064367655286835,Arbo,Mourentán (San Cristovo),2,PNOA-2024-GAL-558-4665-H29-NPC01.LAZ
554,4664,1.0604918670187389,7.98821431406943,9.04870618108817,Arbo,Cabeiras (San Sebastián),1,PNOA-2024-GAL-554-4664-H29-NPC01.LAZ
562,4670,1.0614390179575381,7.946525671189091,9.007964689146629,A Cañiza,O Couto (San Bartolomeu),1,PNOA-2024-GAL-562-4670-H29-NPC01.LAZ
552,4671,2.921561058043148,5.763661292718063,8.685222350761212,A Cañiza,A Franqueira (Santa María),2,PNOA-2024-GAL-552-4671-H29-NPC01.LAZ
567,4675,0.9500938381026386,7.613570217197792,8.56366405530043,Crecente,Filgueira (San Pedro),1,PNOA-2024-GAL-567-4675-H29-NPC01.LAZ
562,4674,2.732074135198399,5.717885643479122,8.44995977867752,A Cañiza,Oroso (Santa María),1,PNOA-2024-GAL-562-4674-H29-NPC01.LAZ
553,4662,1.0158626526998777,7.32589159916364,8.341754251863518,Arbo,Sela (Santa María),1,PNOA-2024-GAL-553-4662-H29-NPC01.LAZ
556,4681,4.667405796846967,3.4365383371551204,8.103944134002088,Covelo,Godóns (Santa María),1,PNOA-2024-GAL-556-4681-H29-NPC01.LAZ
557,4677,2.969058124261263,5.106399313868806,8.07545743813007,A Cañiza,Petán (San Xián),1,PNOA-2024-GAL-557-4677-H29-NPC01.LAZ
555,4683,1.5808949954092955,6.361575948698605,7.9424709441079,Covelo,Campo (Santa María),1,PNOA-2024-GAL-555-4683-H29-NPC01.LAZ
553,4674,3.1479566392005496,4.619380498905963,7.767337138106512,Covelo,A Lamosa (San Bartolomeu),1,PNOA-2024-GAL-553-4674-H29-NPC01.LAZ
551,4677,1.2829874097655714,6.468939715652712,7.751927125418283,Covelo,Covelo (Santa Mariña),1,PNOA-2024-GAL-551-4677-H29-NPC01.LAZ
566,4673,1.1858416424786504,6.407062066060298,7.592903708538949,Crecente,Filgueira (San Pedro),1,PNOA-2024-GAL-566-4673-H29-NPC01.LAZ
550,4670,0.0,7.413623932402442,7.413623932402442,A Cañiza,A Franqueira (Santa María),1,PNOA-2024-GAL-550-4670-H29-NPC01.LAZ
550,4674,2.7847764882804804,4.459445844004278,7.2442223322847585,Covelo,Paraños (Santa María),2,PNOA-2024-GAL-550-4674-H29-NPC01.LAZ
552,4674,2.3366747052654406,4.896847571464298,7.2335222767297385,Covelo,A Lamosa (San Bartolomeu),3,PNOA-2024-GAL-552-4674-H29-NPC01.LAZ
556,4685,0.8947954117040905,6.29825146416443,7.193046875868521,Covelo,A Graña (San Bernabeu),1,PNOA-2024-GAL-556-4685-H29-NPC01.LAZ
566,4669,1.238969417139718,5.878695566882399,7.117664984022118,Crecente,O Freixo (San Roque),2,PNOA-2024-GAL-566-4669-H29-NPC01.LAZ
560,4672,0.03199059370068493,6.986297759368016,7.018288353068701,A Cañiza,A Cañiza (Santa Teresa),1,PNOA-2024-GAL-560-4672-H29-NPC01.LAZ
561,4670,1.8539833726064305,4.85954786622906,6.713531238835491,A Cañiza,O Couto (San Bartolomeu),2,PNOA-2024-GAL-561-4670-H29-NPC01.LAZ
561,4672,0.19803616785753728,6.509933053050572,6.707969220908109,A Cañiza,O Couto (San Bartolomeu),1,PNOA-2024-GAL-561-4672-H29-NPC01.LAZ
562,4666,1.6512128253891847,5.055537425861816,6.706750251251001,Crecente,Albeos (San Xoán),2,PNOA-2024-GAL-562-4666-H29-NPC01.LAZ
555,4681,0.04476868347287074,6.383550795422625,6.428319478895496,Covelo,Godóns (Santa María),1,PNOA-2024-GAL-555-4681-H29-NPC01.LAZ
567,4670,0.0,6.333192546460992,6.333192546460992,Crecente,Angudes (San Xoán),2,PNOA-2024-GAL-567-4670-H29-NPC01.LAZ
551,4681,1.546044304302941,4.661051412399992,6.207095716702933,Covelo,O Piñeiro (San Xoán),1,PNOA-2024-GAL-551-4681-H29-NPC01.LAZ
564,4674,2.6705564340643546,3.47971483867749,6.150271272741845,Crecente,A Ameixeira (San Bernabeu),1,PNOA-2024-GAL-564-4674-H29-NPC01.LAZ
556,4673,0.8824191923616928,5.152669169926045,6.035088362287738,A Cañiza,Parada das Achas (Santiago),1,PNOA-2024-GAL-556-4673-H29-NPC01.LAZ
551,4673,2.3881745411103896,3.3649227411039044,5.753097282214294,Covelo,Paraños (Santa María),1,PNOA-2024-GAL-551-4673-H29-NPC01.LAZ
559,4665,2.1008874682473184,3.3935664517415116,5.49445391998883,Arbo,Cequeliños (San Miguel),1,PNOA-2024-GAL-559-4665-H29-NPC01.LAZ
559,4678,0.4319123930980005,5.005986456238088,5.437898849336089,A Cañiza,Petán (San Xián),1,PNOA-2024-GAL-559-4678-H29-NPC01.LAZ
559,4672,0.0,5.3612871462452185,5.3612871462452185,A Cañiza,A Cañiza (Santa Teresa),2,PNOA-2024-GAL-559-4672-H29-NPC01.LAZ
554,4683,0.8765629761590136,4.467381894336752,5.343944870495766,Covelo,Campo (Santa María),1,PNOA-2024-GAL-554-4683-H29-NPC01.LAZ
563,4672,1.2116290597930983,4.082891434586061,5.29452049437916,A Cañiza,O Couto (San Bartolomeu),2,PNOA-2024-GAL-563-4672-H29-NPC01.LAZ
555,4667,2.0389803196220435,3.2416070272802964,5.28058734690234,A Cañiza,Luneda (Santa María),2,PNOA-2024-GAL-555-4667-H29-NPC01.LAZ
551,4682,0.96109564943841,4.297309784457889,5.258405433896299,Covelo,O Piñeiro (San Xoán),1,PNOA-2024-GAL-551-4682-H29-NPC01.LAZ
556,4670,0.11474408656546949,4.972145400729323,5.086889487294792,A Cañiza,Parada das Achas (Santiago),1,PNOA-2024-GAL-556-4670-H29-NPC01.LAZ
565,4673,0.0,5.075011056112467,5.075011056112467,Crecente,Filgueira (San Pedro),1,PNOA-2024-GAL-565-4673-H29-NPC01.LAZ
556,4680,5.07265398779453,0.0,5.07265398779453,Covelo,Godóns (Santa María),1,PNOA-2024-GAL-556-4680-H29-NPC01.LAZ
558,4672,0.3668466568212012,4.697181356938013,5.064028013759215,A Cañiza,As Achas (San Sebastián),2,PNOA-2024-GAL-558-4672-H29-NPC01.LAZ
565,4674,1.0289469209191675,3.9562341788020703,4.985181099721238,Crecente,Filgueira (San Pedro),1,PNOA-2024-GAL-565-4674-H29-NPC01.LAZ
562,4673,0.0,4.954754764884272,4.954754764884272,A Cañiza,Oroso (Santa María),1,PNOA-2024-GAL-562-4673-H29-NPC01.LAZ
553,4666,1.8820469948812522,3.0011005193570264,4.883147514238279,Arbo,Cabeiras (San Sebastián),2,PNOA-2024-GAL-553-4666-H29-NPC01.LAZ
556,4684,3.4066714486241034,1.4610066951396512,4.867678143763754,Covelo,Campo (Santa María),1,PNOA-2024-GAL-556-4684-H29-NPC01.LAZ
552,4672,0.12144387958838329,4.660484198040043,4.781928077628427,Covelo,Prado de Canda (Santiago),1,PNOA-2024-GAL-552-4672-H29-NPC01.LAZ
564,4675,4.332435019051975,0.2951871576742611,4.627622176726237,Crecente,A Ameixeira (San Bernabeu),1,PNOA-2024-GAL-564-4675-H29-NPC01.LAZ
559,4686,0.0,4.596915542722659,4.596915542722659,Covelo,Prado (San Salvador),1,PNOA-2024-GAL-559-4686-H29-NPC01.LAZ
552,4673,0.561851537704104,3.9593198629390685,4.521171400643173,Covelo,Prado de Canda (Santiago),2,PNOA-2024-GAL-552-4673-H29-NPC01.LAZ
556,4664,1.2572281065267226,3.205934489120224,4.4631625956469465,Arbo,Arbo (Santa María),2,PNOA-2024-GAL-556-4664-H29-NPC01.LAZ
557,4676,1.1283574639894856,3.3255367629844117,4.4538942269738975,A Cañiza,As Achas (San Sebastián),1,PNOA-2024-GAL-557-4676-H29-NPC01.LAZ
565,4671,0.09113161793589233,4.214869228327421,4.306000846263314,Crecente,Rebordechán (Santa María),1,PNOA-2024-GAL-565-4671-H29-NPC01.LAZ
568,4671,0.8341656828404577,3.3410987147967726,4.17526439763723,Crecente,Angudes (San Xoán),1,PNOA-2024-GAL-568-4671-H29-NPC01.LAZ
557,4679,0.0,4.138299533933491,4.138299533933491,A Cañiza,Petán (San Xián),1,PNOA-2024-GAL-557-4679-H29-NPC01.LAZ
549,4676,2.497898572492516,1.5816519894719496,4.079550561964465,Covelo,Casteláns (Santo Estevo),1,PNOA-2024-GAL-549-4676-H29-NPC01.LAZ
553,4681,3.993213874321797,0.0,3.993213874321797,Covelo,Maceira (San Salvador),2,PNOA-2024-GAL-553-4681-H29-NPC01.LAZ
565,4669,0.030280422992211502,3.958129385233048,3.9884098082252595,Crecente,Crecente (San Pedro),2,PNOA-2024-GAL-565-4669-H29-NPC01.LAZ
557,4662,0.14801942000658813,3.7698832693999247,3.917902689406513,Arbo,Arbo (Santa María),1,PNOA-2024-GAL-557-4662-H29-NPC01.LAZ
562,4677,1.9295721903158762,1.976871433958526,3.9064436242744023,A Cañiza,Oroso (Santa María),1,PNOA-2024-GAL-562-4677-H29-NPC01.LAZ
557,4681,1.3158785868685177,2.586398001269564,3.902276588138082,Covelo,Godóns (Santa María),1,PNOA-2024-GAL-557-4681-H29-NPC01.LAZ
557,4684,0.0,3.8956646015352034,3.8956646015352034,Covelo,Prado (San Salvador),1,PNOA-2024-GAL-557-4684-H29-NPC01.LAZ
564,4672,2.648898014791236,1.2250432078920395,3.8739412226832757,Crecente,A Ameixeira (San Bernabeu),1,PNOA-2024-GAL-564-4672-H29-NPC01.LAZ
565,4670,3.8320405844524528,0.0,3.8320405844524528,Crecente,O Freixo (San Roque),1,PNOA-2024-GAL-565-4670-H29-NPC01.LAZ
555,4687,0.8134592110923659,3.01334408303967,3.8268032941320356,Covelo,A Graña (San Bernabeu),1,PNOA-2024-GAL-555-4687-H29-NPC01.LAZ
553,4672,0.0,3.8097357788674864,3.8097357788674864,Covelo,Prado de Canda (Santiago),1,PNOA-2024-GAL-553-4672-H29-NPC01.LAZ
565,4672,0.031544305385120645,3.719165548138241,3.7507098535233614,Crecente,Rebordechán (Santa María),1,PNOA-2024-GAL-565-4672-H29-NPC01.LAZ
551,4674,3.6795986116680983,0.0,3.6795986116680983,Covelo,Paraños (Santa María),1,PNOA-2024-GAL-551-4674-H29-NPC01.LAZ
550,4681,3.1333454503158067,0.5285885063276465,3.6619339566434532,Covelo,O Piñeiro (San Xoán),1,PNOA-2024-GAL-550-4681-H29-NPC01.LAZ
555,4660,0.0,3.444745763553729,3.444745763553729,Arbo,Barcela (San Xoán),1,PNOA-2024-GAL-555-4660-H29-NPC01.LAZ
549,4673,1.2243699353547712,2.1855444929965913,3.4099144283513625,Covelo,Paraños (Santa María),1,PNOA-2024-GAL-549-4673-H29-NPC01.LAZ
556,4683,0.9379157880508466,2.4630596078524056,3.4009753959032523,Covelo,Campo (Santa María),2,PNOA-2024-GAL-556-4683-H29-NPC01.LAZ
550,4676,1.8653754758282222,1.411678436089551,3.277053911917773,Covelo,Casteláns (Santo Estevo),2,PNOA-2024-GAL-550-4676-H29-NPC01.LAZ
555,4686,0.0,3.202232454133878,3.202232454133878,Covelo,A Graña (San Bernabeu),1,PNOA-2024-GAL-555-4686-H29-NPC01.LAZ
553,4671,1.8098144171673807,1.36091598351178,3.170730400679161,A Cañiza,A Franqueira (Santa María),2,PNOA-2024-GAL-553-4671-H29-NPC01.LAZ
556,4682,1.854538285208867,1.2755728313349757,3.1301111165438424,Covelo,Godóns (Santa María),1,PNOA-2024-GAL-556-4682-H29-NPC01.LAZ
563,4676,1.502751552600822,1.3116965826228506,2.8144481352236728,A Cañiza,Oroso (Santa María),1,PNOA-2024-GAL-563-4676-H29-NPC01.LAZ
560,4664,0.0,2.72892021007796,2.72892021007796,Arbo,Cequeliños (San Miguel),1,PNOA-2024-GAL-560-4664-H29-NPC01.LAZ
554,4660,0.0,2.615260252859656,2.615260252859656,Arbo,Barcela (San Xoán),1,PNOA-2024-GAL-554-4660-H29-NPC01.LAZ
549,4682,0.0,2.6015861345843616,2.6015861345843616,Covelo,Barcia de Mera (San Martiño),1,PNOA-2024-GAL-549-4682-H29-NPC01.LAZ
560,4676,2.485225137653432,0.0,2.485225137653432,A Cañiza,Petán (San Xián),1,PNOA-2024-GAL-560-4676-H29-NPC01.LAZ
559,4666,0.0,2.4573457862702814,2.4573457862702814,Crecente,Albeos (San Xoán),2,PNOA-2024-GAL-559-4666-H29-NPC01.LAZ
552,4675,0.0,2.410714654309265,2.410714654309265,Covelo,Covelo (Santa Mariña),2,PNOA-2024-GAL-552-4675-H29-NPC01.LAZ
562,4678,0.6825293772917504,1.6945577562804746,2.377087133572225,A Cañiza,Oroso (Santa María),1,PNOA-2024-GAL-562-4678-H29-NPC01.LAZ
559,4664,0.0,2.35223136918181,2.35223136918181,Arbo,Arbo (Santa María),1,PNOA-2024-GAL-559-4664-H29-NPC01.LAZ
553,4665,0.0,2.331748835864686,2.331748835864686,Arbo,Cabeiras (San Sebastián),1,PNOA-2024-GAL-553-4665-H29-NPC01.LAZ
556,4671,0.0,2.2940483442757804,2.2940483442757804,A Cañiza,Parada das Achas (Santiago),1,PNOA-2024-GAL-556-4671-H29-NPC01.LAZ
550,4677,0.6253933357831827,1.6497108355611385,2.275104171344321,Covelo,Casteláns (Santo Estevo),1,PNOA-2024-GAL-550-4677-H29-NPC01.LAZ
553,4670,2.1793951467756414,0.0,2.1793951467756414,A Cañiza,Parada das Achas (Santiago),2,PNOA-2024-GAL-553-4670-H29-NPC01.LAZ
560,4671,1.2373253512289317,0.9300765756008889,2.167401926829821,A Cañiza,A Cañiza (Santa Teresa),1,PNOA-2024-GAL-560-4671-H29-NPC01.LAZ
555,4684,2.08173488995973,0.0,2.08173488995973,Covelo,Campo (Santa María),1,PNOA-2024-GAL-555-4684-H29-NPC01.LAZ
561,4665,0.9748013968346703,0.9449069727824786,1.9197083696171489,Arbo,Cequeliños (San Miguel),1,PNOA-2024-GAL-561-4665-H29-NPC01.LAZ
559,4685,0.0,1.8314829513187223,1.8314829513187223,Covelo,Prado (San Salvador),1,PNOA-2024-GAL-559-4685-H29-NPC01.LAZ
554,4681,1.818340511998184,0.0,1.818340511998184,Covelo,Maceira (San Salvador),2,PNOA-2024-GAL-554-4681-H29-NPC01.LAZ
568,4670,0.06034475508779483,1.7355180438877815,1.7958627989755764,Crecente,Angudes (San Xoán),2,PNOA-2024-GAL-568-4670-H29-NPC01.LAZ
558,4682,1.6748825151327407,0.0,1.6748825151327407,Covelo,Godóns (Santa María),2,PNOA-2024-GAL-558-4682-H29-NPC01.LAZ
566,4671,0.2570916566181295,1.3775743828137423,1.6346660394318717,Crecente,Rebordechán (Santa María),1,PNOA-2024-GAL-566-4671-H29-NPC01.LAZ
552,4678,1.57114047948266,0.0,1.57114047948266,Covelo,Covelo (Santa Mariña),1,PNOA-2024-GAL-552-4678-H29-NPC01.LAZ
559,4679,0.1181174785449146,1.388019043310893,1.5061365218558076,A Cañiza,Petán (San Xián),1,PNOA-2024-GAL-559-4679-H29-NPC01.LAZ
548,4679,0.0,1.5012148784143098,1.5012148784143098,Covelo,Barcia de Mera (San Martiño),1,PNOA-2024-GAL-548-4679-H29-NPC01.LAZ
556,4665,1.4871307949807449,0.0,1.4871307949807449,Arbo,Mourentán (San Cristovo),1,PNOA-2024-GAL-556-4665-H29-NPC01.LAZ
558,4684,0.0,1.4228606745019434,1.4228606745019434,Covelo,Prado (San Salvador),1,PNOA-2024-GAL-558-4684-H29-NPC01.LAZ
555,4679,0.04643832607684703,1.2684130162298217,1.3148513423066688,Covelo,Maceira (San Salvador),1,PNOA-2024-GAL-555-4679-H29-NPC01.LAZ
560,4679,0.0,1.3059911187878137,1.3059911187878137,A Cañiza,Petán (San Xián),1,PNOA-2024-GAL-560-4679-H29-NPC01.LAZ
548,4681,0.0817157443650127,1.186855806979138,1.2685715513441507,Covelo,Barcia de Mera (San Martiño),1,PNOA-2024-GAL-548-4681-H29-NPC01.LAZ
553,4678,1.229534187662613,0.0,1.229534187662613,Covelo,Maceira (San Salvador),1,PNOA-2024-GAL-553-4678-H29-NPC01.LAZ
558,4683,1.2066677593201363,0.009972026910609659,1.2166397862307459,Covelo,Godóns (Santa María),2,PNOA-2024-GAL-558-4683-H29-NPC01.LAZ
549,4675,0.44373013731726696,0.6653087940710628,1.1090389313883298,Covelo,Covelo (Santa Mariña),1,PNOA-2024-GAL-549-4675-H29-NPC01.LAZ
561,4673,1.0653816936076699,0.0,1.0653816936076699,A Cañiza,O Couto (San Bartolomeu),3,PNOA-2024-GAL-561-4673-H29-NPC01.LAZ
554,4678,1.0549522007828787,0.0,1.0549522007828787,Covelo,Maceira (San Salvador),1,PNOA-2024-GAL-554-4678-H29-NPC01.LAZ
553,4682,0.7293364141157432,0.30229437392750896,1.0316307880432523,Covelo,Fofe (San Miguel),1,PNOA-2024-GAL-553-4682-H29-NPC01.LAZ
556,4689,0.9886618937473358,0.0,0.9886618937473358,Covelo,A Graña (San Bernabeu),1,PNOA-2024-GAL-556-4689-H29-NPC01.LAZ
567,4676,0.9459372951400974,0.0,0.9459372951400974,Crecente,Filgueira (San Pedro),1,PNOA-2024-GAL-567-4676-H29-NPC01.LAZ
555,4672,0.0,0.9333934964161833,0.9333934964161833,A Cañiza,Parada das Achas (Santiago),1,PNOA-2024-GAL-555-4672-H29-NPC01.LAZ
553,4675,0.10187766576370237,0.8077675818284039,0.9096452475921063,Covelo,Santiago de Covelo (Santiago),1,PNOA-2024-GAL-553-4675-H29-NPC01.LAZ
549,4674,0.8655357707116326,0.0,0.8655357707116326,Covelo,Paraños (Santa María),1,PNOA-2024-GAL-549-4674-H29-NPC01.LAZ
563,4677,0.0,0.8316141555504086,0.8316141555504086,A Cañiza,Oroso (Santa María),1,PNOA-2024-GAL-563-4677-H29-NPC01.LAZ
554,4670,0.7054552230832186,0.0,0.7054552230832186,A Cañiza,Parada das Achas (Santiago),1,PNOA-2024-GAL-554-4670-H29-NPC01.LAZ
552,4670,0.6921439348205716,0.0,0.6921439348205716,A Cañiza,A Franqueira (Santa María),1,PNOA-2024-GAL-552-4670-H29-NPC01.LAZ
560,4680,0.0,0.6399886728488805,0.6399886728488805,A Cañiza,Petán (San Xián),1,PNOA-2024-GAL-560-4680-H29-NPC01.LAZ
556,4688,0.5351689685516573,0.0,0.5351689685516573,Covelo,A Graña (San Bernabeu),1,PNOA-2024-GAL-556-4688-H29-NPC01.LAZ
554,4673,0.5338703683199062,0.0,0.5338703683199062,Covelo,A Lamosa (San Bartolomeu),1,PNOA-2024-GAL-554-4673-H29-NPC01.LAZ
554,4666,0.5156897274074955,0.0,0.5156897274074955,Arbo,Arbo (Santa María),1,PNOA-2024-GAL-554-4666-H29-NPC01.LAZ
567,4668,0.45132412527394594,0.0,0.45132412527394594,Crecente,Sendelle (Santa Cruz),1,PNOA-2024-GAL-567-4668-H29-NPC01.LAZ
566,4670,0.2191778952266815,0.0,0.2191778952266815,Crecente,O Freixo (San Roque),2,PNOA-2024-GAL-566-4670-H29-NPC01.LAZ
564,4671,0.0,0.14760994720310844,0.14760994720310844,A Cañiza,O Couto (San Bartolomeu),1,PNOA-2024-GAL-564-4671-H29-NPC01.LAZ
554,4676,0.02468609949094947,0.08941348198773347,0.11409958147868293,Covelo,Santiago de Covelo (Santiago),1,PNOA-2024-GAL-554-4676-H29-NPC01.LAZ
555,4668,0.0,0.04363082543018654,0.04363082543018654,A Cañiza,Luneda (Santa María),1,PNOA-2024-GAL-555-4668-H29-NPC01.LAZ
548,4677,0.024309319728519723,0.0,0.024309319728519723,Covelo,Casteláns (Santo Estevo),1,PNOA-2024-GAL-548-4677-H29-NPC01.LAZ
552,4662,0.0,0.007365938351332288,0.007365938351332288,Arbo,Sela (Santa María),1,PNOA-2024-GAL-552-4662-H29-NPC01.LAZ
557,4680,0.007289950867637306,0.0,0.007289950867637306,Covelo,Godóns (Santa María),1,PNOA-2024-GAL-557-4680-H29-NPC01.LAZ
