OBJECTID_12,sp,n_px,ndvi_2017,ndvi_2018,ndvi_2019,ndvi_2020,ndvi_2021,ndvi_2022,ndvi_2023,ndvi_2024,ndvi_2025,ndvi_2026
60076,Pinus_pinaster,903,0.8582,0.6822,0.708,0.7284,0.7794,0.7508,0.7883,0.8187,0.8218,0.6971
60077,Quercus_robur,4302,0.8479,0.6842,0.7362,0.7552,0.8014,0.7821,0.8005,0.8297,0.8238,0.6965
60119,Acacia_dealbata,686,0.7889,0.731,0.7417,0.7587,0.8042,0.7231,0.7665,0.8038,0.7659,0.3658
60127,Pinus_pinaster,1389,0.778,0.7587,0.7795,0.7543,0.7768,0.7326,0.7562,0.7562,0.7224,0.7184
60132,Pinus_pinaster,1035,0.8332,0.8226,0.8279,0.8212,0.8423,0.7675,0.771,0.808,0.7961,0.4227
60137,Pinus_pinaster,12401,0.7905,0.7207,0.735,0.733,0.7699,0.7029,0.7138,0.7378,0.7472,0.6261
60138,Pinus_pinaster,3265,0.7221,0.7116,0.712,0.6912,0.7177,0.6993,0.6933,0.6981,0.6715,0.6557
62084,Quercus_robur,2820,0.8634,0.6999,0.7359,0.7583,0.8156,0.7786,0.8163,0.833,0.8379,0.7182
62085,Eucalyptus_globulus,2305,0.8724,0.788,0.8171,0.8213,0.8524,0.8288,0.8461,0.8662,0.8459,0.7663
62086,Quercus_robur,136,0.8002,0.4463,0.5468,0.6208,0.752,0.6571,0.7457,0.7787,0.7662,0.3611
62144,Quercus_robur,734,0.7917,0.7389,0.767,0.7091,0.78,0.7651,0.7899,0.8038,0.8193,0.6629
62397,Pinus_pinaster,5272,0.8046,0.7985,0.7998,0.7903,0.772,0.7662,0.7739,0.7765,0.7423,0.7368
62440,Pinus_pinaster,21,0.7701,0.8046,0.8233,0.7823,0.8087,0.7869,0.7728,0.8147,0.7588,0.7696
62454,Pinus_pinaster,481,0.7351,0.7356,0.7391,0.7181,0.7411,0.7166,0.7139,0.7213,0.6965,0.6924
66360,Pinus_pinaster,9585,0.8401,0.8265,0.8391,0.8218,0.834,0.8063,0.8163,0.8117,0.7949,0.7991
66819,Pinus_pinaster,5350,0.792,0.7709,0.7828,0.7704,0.7941,0.7599,0.789,0.7864,0.7743,0.7696
66820,Pinus_pinaster,7048,0.7874,0.7476,0.7618,0.7264,0.7684,0.7404,0.7689,0.7599,0.7563,0.7471
66827,Pinus_pinaster,1359,0.8346,0.82,0.8362,0.8199,0.8169,0.7905,0.8024,0.8053,0.8085,0.7954
71039,Pinus_pinaster,7404,0.7586,0.77,0.7986,0.7886,0.816,0.7869,0.8097,0.8102,0.7993,0.7878
72400,Quercus_robur,1788,0.8819,0.8684,0.8761,0.8652,0.8616,0.8492,0.8554,0.8454,0.8467,0.8486
72404,Quercus_robur,0,,,,,,,,,,
72622,Quercus_robur,92,0.9187,0.7709,0.8248,0.8451,0.8522,0.8316,0.8558,0.8506,0.8481,0.7161
72624,Quercus_robur,47,0.8847,0.8631,0.8667,0.7966,0.8175,0.8285,0.8411,0.8643,0.8346,0.8364
75043,Pinus_pinaster,5656,0.8325,0.8287,0.8361,0.8257,0.8227,0.7999,0.8121,0.8122,0.8117,0.8057
75101,Pinus_pinaster,12836,0.8293,0.8174,0.8253,0.8133,0.8303,0.8015,0.8081,0.821,0.8018,0.7827
75103,Pinus_pinaster,753,0.7873,0.7695,0.7907,0.7836,0.8114,0.7786,0.8106,0.813,0.7829,0.7565
75156,Quercus_robur,339,0.7576,0.3377,0.416,0.5223,0.6236,0.6081,0.6659,0.7003,0.6984,0.3613
75178,Quercus_robur,2131,0.8425,0.8239,0.832,0.827,0.8393,0.8105,0.83,0.8455,0.8194,0.8054
75179,Quercus_robur,220,0.7707,0.7709,0.7766,0.7631,0.7823,0.7631,0.7812,0.7911,0.763,0.7548
75795,Quercus_robur,21685,0.8454,0.6613,0.7222,0.7494,0.7863,0.7707,0.7915,0.8168,0.8131,0.6666
75799,Pinus_pinaster,323,0.7292,0.3171,0.464,0.5308,0.6367,0.6514,0.7072,0.7319,0.7292,0.4535
75801,Pinus_sylvestris,2954,0.809,0.4726,0.5704,0.6464,0.7181,0.7116,0.7298,0.6708,0.7628,0.6934
75802,Pinus_sylvestris,1656,0.7868,0.5481,0.6142,0.6811,0.7091,0.7323,0.7321,0.7369,0.7476,0.7057
75803,Pinus_sylvestris,7888,0.7892,0.7739,0.7813,0.7726,0.7719,0.7665,0.7878,0.7903,0.7485,0.7479
75804,Pinus_pinaster,946,0.4389,0.4691,0.4826,0.4945,0.5634,0.5496,0.5986,0.6089,0.6531,0.5495
75805,Pinus_pinaster,956,0.7884,0.7819,0.7946,0.7986,0.7966,0.7958,0.8105,0.8242,0.7881,0.785
75806,Pinus_pinaster,555,0.7754,0.774,0.7832,0.7641,0.7619,0.756,0.7653,0.771,0.718,0.7239
75807,Pinus_pinaster,1247,0.7626,0.4126,0.4993,0.5574,0.66,0.6393,0.6951,0.7,0.7038,0.6226
75808,Alnus_glutinosa,646,0.8611,0.6621,0.7455,0.7811,0.8273,0.7984,0.8219,0.8348,0.8112,0.806
75809,Betula_spp,11113,0.8737,0.7841,0.8087,0.8066,0.8403,0.8056,0.8319,0.8345,0.843,0.8118
75810,Pinus_pinaster,7898,0.7791,0.7055,0.7628,0.7621,0.8051,0.7804,0.8029,0.8187,0.8093,0.7567
75817,Quercus_robur,1645,0.8918,0.8838,0.8706,0.8665,0.8797,0.8769,0.8663,0.8962,0.8671,0.8911
75818,Quercus_robur,308,0.9092,0.7442,0.7721,0.8076,0.8362,0.8414,0.8625,0.8646,0.8499,0.8314
75926,Pinus_pinaster,22,0.7976,0.7045,0.7587,0.7471,0.7498,0.7453,0.7706,0.7938,0.7904,0.76
75972,Pinus_pinaster,1793,0.8233,0.8307,0.8412,0.841,0.8596,0.829,0.8441,0.862,0.8285,0.8446
75982,Pinus_pinaster,3491,0.6571,0.4271,0.4815,0.5448,0.6163,0.55,0.6281,0.608,0.6047,0.5535
75983,Quercus_robur,15983,0.833,0.6486,0.7138,0.7324,0.7654,0.7365,0.7678,0.7732,0.7814,0.7515
75987,Quercus_robur,644,0.8688,0.861,0.8612,0.7883,0.8233,0.8122,0.8303,0.8662,0.8514,0.7968
75988,Quercus_robur,141,0.88,0.8624,0.8428,0.8135,0.858,0.8342,0.8338,0.8832,0.8466,0.865
76057,Quercus_robur,106,0.9263,0.9193,0.919,0.9137,0.92,0.8984,0.9022,0.9074,0.8979,0.9078
76058,Quercus_robur,304,0.8958,0.8887,0.8929,0.8856,0.894,0.8782,0.8784,0.8772,0.8738,0.8761
76059,Quercus_robur,2418,0.9056,0.8887,0.8974,0.894,0.8993,0.8841,0.8879,0.8832,0.8691,0.8779
76060,Pinus_pinaster,1065,0.8753,0.8622,0.8721,0.8675,0.8739,0.8546,0.8605,0.8512,0.845,0.8466
76062,Pinus_pinaster,276,0.7725,0.7923,0.7944,0.7664,0.7601,0.7357,0.7291,0.7818,0.7677,0.7678
76441,Pinus_pinaster,3486,0.7806,0.5572,0.6648,0.6907,0.7316,0.6956,0.7454,0.7463,0.7323,0.7049
76442,Quercus_robur,4825,0.7949,0.6117,0.704,0.7165,0.763,0.7216,0.7651,0.7809,0.7742,0.7351
76443,Quercus_robur,5402,0.7834,0.7374,0.7399,0.7375,0.7719,0.7377,0.7585,0.7685,0.7622,0.7182
76444,Pinus_pinaster,3864,0.8228,0.811,0.8177,0.7947,0.8225,0.7886,0.8064,0.803,0.7977,0.7809
76445,Quercus_robur,2695,0.7104,0.7228,0.7074,0.6994,0.7293,0.6757,0.7159,0.7114,0.7286,0.6627
76446,Pinus_pinaster,3047,0.8447,0.8328,0.8351,0.8249,0.8373,0.8085,0.8154,0.8357,0.8245,0.8164
76447,Quercus_robur,14594,0.8816,0.869,0.8697,0.8602,0.869,0.8454,0.859,0.871,0.8554,0.858
76448,Quercus_robur,581,0.7412,0.7372,0.7336,0.704,0.7262,0.6972,0.7312,0.7302,0.7174,0.6727
76449,Quercus_robur,358,0.816,0.8318,0.8247,0.8123,0.8372,0.7983,0.8075,0.8179,0.8184,0.7966
76450,Pinus_pinaster,6094,0.7361,0.7189,0.7207,0.6965,0.7294,0.6781,0.7238,0.7162,0.6948,0.6688
76451,Pinus_pinaster,4394,0.7199,0.6496,0.6703,0.6392,0.6651,0.6566,0.7022,0.7025,0.6558,0.6053
76452,Pinus_pinaster,800,0.7602,0.7228,0.7376,0.7208,0.7385,0.5874,0.7173,0.7471,0.6073,0.6388
76453,Quercus_robur,159,0.7812,0.7474,0.7573,0.7539,0.7773,0.6888,0.7621,0.7611,0.7537,0.7064
76454,Quercus_robur,837,0.8668,0.8281,0.834,0.8335,0.8521,0.8275,0.8422,0.8506,0.845,0.8287
76456,Pinus_pinaster,301,0.768,0.6172,0.6003,0.6182,0.6693,0.6498,0.6737,0.6781,0.6959,0.5882
76457,Quercus_robur,2723,0.7825,0.5584,0.6055,0.6298,0.6966,0.6593,0.6987,0.7286,0.7325,0.5553
76472,Pinus_pinaster,337,0.7558,0.7453,0.7624,0.6932,0.738,0.7361,0.519,0.6073,0.6487,0.6535
76473,Pinus_pinaster,239,0.6694,0.6917,0.7018,0.6098,0.6642,0.6607,0.3205,0.4083,0.4961,0.5346
76994,Pinus_pinaster,7962,0.7216,0.3464,0.4299,0.5085,0.6263,0.5829,0.6728,0.6426,0.6682,0.6139
76995,Pinus_pinaster,1589,0.694,0.562,0.6522,0.6802,0.7418,0.6958,0.7428,0.7396,0.7401,0.6873
76996,Pinus_pinaster,8408,0.742,0.7328,0.7257,0.7267,0.7522,0.687,0.725,0.715,0.7279,0.6635
76997,Pinus_pinaster,589,0.606,0.7197,0.7549,0.7617,0.8008,0.7477,0.795,0.7834,0.7834,0.7215
77180,Pinus_pinaster,991,0.741,0.3864,0.5232,0.5832,0.6698,0.6682,0.6985,0.7284,0.7178,0.4318
80101,Pinus_pinaster,303,0.7113,0.698,0.7051,0.6981,0.7262,0.704,0.7104,0.7234,0.689,0.6769
80103,Pinus_pinaster,4094,0.7286,0.7128,0.7198,0.7114,0.7325,0.7008,0.7231,0.7345,0.7073,0.6869
80104,Quercus_robur,589,0.8316,0.8006,0.818,0.8072,0.8219,0.7973,0.8123,0.8248,0.7923,0.784
80183,Quercus_suber,199,0.8211,0.8075,0.8315,0.8253,0.827,0.8182,0.8405,0.8365,0.7952,0.8028
80597,Quercus_robur,3,0.8371,0.8205,0.8253,0.8345,0.8423,0.438,0.6762,0.7575,0.7953,0.7083
80598,Quercus_robur,553,0.7818,0.7618,0.7693,0.77,0.7981,0.569,0.6995,0.7488,0.7644,0.6206
80643,Pinus_pinaster,83,0.7208,0.7229,0.7271,0.7102,0.7011,0.713,0.7297,0.7248,0.7035,0.7036
80645,Quercus_robur,901,0.8819,0.8516,0.8502,0.8471,0.8699,0.8525,0.8584,0.8721,0.854,0.8424
81444,Alnus_glutinosa,219,0.8914,0.8732,0.8834,0.8758,0.8797,0.8613,0.8664,0.8857,0.8694,0.8685
81447,Castanea_sativa,785,0.8886,0.8745,0.8706,0.8646,0.8778,0.8626,0.8682,0.8834,0.8664,0.8675
81453,Quercus_pyrenaica,3033,0.8588,0.6783,0.7231,0.7459,0.7906,0.7624,0.7919,0.8203,0.8067,0.6725
81454,Quercus_robur,1776,0.8207,0.8457,0.8478,0.8374,0.8625,0.8259,0.8459,0.8755,0.8562,0.7644
81459,Pinus_pinaster,1659,0.8548,0.6242,0.7625,0.8099,0.8329,0.8018,0.8117,0.8137,0.8274,0.7783
81460,Pinus_pinaster,2417,0.7231,0.3742,0.4934,0.5748,0.6893,0.6964,0.7481,0.7793,0.7613,0.4702
81464,Quercus_robur,1117,0.6947,0.5378,0.5707,0.5776,0.6653,0.6129,0.6384,0.6669,0.7011,0.4867
81470,Quercus_robur,1091,0.8401,0.737,0.7859,0.7973,0.8428,0.8103,0.8353,0.8435,0.8387,0.6619
81489,Pinus_pinaster,3319,0.8099,0.8063,0.8185,0.8123,0.821,0.807,0.81,0.8367,0.8159,0.78
81943,Quercus_robur,249,0.8585,0.8596,0.8535,0.8496,0.86,0.8473,0.856,0.846,0.8484,0.8395
81944,Pinus_pinaster,895,0.7883,0.4846,0.5582,0.6599,0.7416,0.6708,0.7014,0.6961,0.7271,0.6375
81960,Eucalyptus_globulus,343,0.769,0.569,0.6405,0.7354,0.7801,0.7484,0.7427,0.7537,0.803,0.599
81961,Eucalyptus_globulus,5,0.7851,0.5131,0.5155,0.6529,0.5726,0.6074,0.7024,0.7597,0.8112,0.5223
81963,Pinus_pinaster,116,0.8034,0.6785,0.737,0.7636,0.8173,0.7951,0.8105,0.7581,0.7919,0.7542
81966,Eucalyptus_globulus,592,0.817,0.5689,0.5704,0.6975,0.7769,0.2608,0.3778,0.5016,0.6825,0.6227
81967,Pinus_radiata,1656,0.8096,0.5415,0.5977,0.7258,0.7916,0.712,0.7146,0.7389,0.7213,0.6835
81968,Pinus_pinaster,682,0.7968,0.5018,0.5312,0.6531,0.7491,0.6508,0.6732,0.7177,0.5888,0.6295
81969,Pinus_radiata,1430,0.7305,0.4763,0.4922,0.6324,0.7269,0.6546,0.6792,0.7187,0.5293,0.5976
82010,Eucalyptus_globulus,0,,,,,,,,,,
85061,Pinus_pinaster,482,0.8153,0.6161,0.6415,0.7262,0.7908,0.7845,0.8149,0.7218,0.7972,0.7626
85220,Quercus_robur,772,0.5976,0.7338,0.7522,0.7563,0.7808,0.7598,0.7573,0.7774,0.7287,0.7585
85221,Pinus_pinaster,13350,0.767,0.7459,0.7489,0.749,0.7711,0.7579,0.7739,0.7583,0.7195,0.6855
85222,Eucalyptus_globulus,10704,0.8496,0.8404,0.8434,0.8292,0.8482,0.8257,0.8359,0.8313,0.7976,0.8113
85223,Eucalyptus_globulus,24773,0.6309,0.6811,0.7092,0.7122,0.7409,0.6729,0.7299,0.7153,0.7116,0.6419
85224,Acacia_spp,547,0.8055,0.8018,0.806,0.7704,0.751,0.7067,0.78,0.5166,0.5818,0.5765
85225,Eucalyptus_globulus,2086,0.5367,0.6467,0.6762,0.6676,0.72,0.6501,0.664,0.6659,0.6564,0.6207
85226,Pinus_pinaster,1141,0.56,0.724,0.7504,0.7546,0.7693,0.7401,0.767,0.7675,0.7509,0.7198
85227,Pinus_pinaster,2472,0.509,0.6072,0.6705,0.6532,0.6794,0.5612,0.6151,0.638,0.7165,0.5998
85228,Eucalyptus_globulus,2554,0.5375,0.6906,0.7214,0.7126,0.7428,0.6927,0.7412,0.7286,0.7215,0.677
85229,Pinus_pinaster,2745,0.8253,0.823,0.8215,0.7955,0.8201,0.8032,0.8127,0.8197,0.8086,0.8127
85230,Pinus_pinaster,2257,0.6714,0.7043,0.7195,0.7352,0.7582,0.7342,0.7524,0.7542,0.7386,0.7123
85231,Acacia_spp,941,0.7807,0.7846,0.7946,0.7675,0.8109,0.718,0.7793,0.7945,0.7822,0.7587
85232,Acacia_spp,457,0.7045,0.7113,0.7223,0.6467,0.7777,0.6554,0.7191,0.7348,0.7791,0.6995
85233,Pinus_pinaster,2293,0.4138,0.4954,0.5433,0.6087,0.6762,0.6468,0.6651,0.6867,0.7202,0.6613
85234,Eucalyptus_globulus,1500,0.6816,0.7013,0.6855,0.6893,0.7203,0.6442,0.6521,0.6564,0.6687,0.6409
85235,Quercus_robur,4419,0.727,0.7139,0.7133,0.669,0.7304,0.6613,0.6992,0.711,0.6816,0.6626
85236,Pinus_pinaster,10341,0.7482,0.7658,0.7753,0.7625,0.7944,0.7554,0.7692,0.7742,0.7521,0.7257
85237,Eucalyptus_globulus,694,0.5969,0.6895,0.7161,0.7231,0.6625,0.5253,0.6135,0.639,0.6398,0.6306
85238,Eucalyptus_globulus,2255,0.7024,0.7666,0.8038,0.8152,0.821,0.789,0.8298,0.8206,0.8037,0.8025
85239,Pinus_pinaster,25174,0.6996,0.7124,0.7143,0.697,0.7148,0.6773,0.7114,0.7299,0.5165,0.5626
85240,Pinus_pinaster,1090,0.7867,0.8114,0.8161,0.8287,0.8287,0.7771,0.8226,0.821,0.7821,0.7945
85241,Eucalyptus_globulus,4444,0.716,0.7565,0.6911,0.6837,0.6817,0.652,0.659,0.6575,0.6809,0.6396
85242,Eucalyptus_globulus,32397,0.5667,0.6528,0.6864,0.7023,0.7251,0.6828,0.5939,0.6491,0.6987,0.6437
85243,Eucalyptus_globulus,2352,0.7423,0.7702,0.7658,0.7828,0.7903,0.7648,0.6703,0.7326,0.7264,0.7442
85244,Betula_alba,6574,0.8428,0.8398,0.8411,0.8376,0.854,0.8396,0.8574,0.8637,0.8387,0.8467
85245,Pinus_pinaster,1839,0.8273,0.8174,0.8275,0.8069,0.7632,0.7401,0.7509,0.7506,0.7441,0.7229
85246,Castanea_sativa,553,0.8117,0.7781,0.7748,0.8069,0.6671,0.6766,0.7261,0.7803,0.7453,0.685
85248,Pinus_pinaster,1846,0.7724,0.7585,0.7672,0.7464,0.7773,0.7595,0.7704,0.7691,0.7654,0.6044
85249,Pinus_pinaster,307,0.7782,0.762,0.7784,0.7551,0.7722,0.7289,0.7428,0.7475,0.6926,0.521
85250,Eucalyptus_globulus,2128,0.8099,0.8196,0.8283,0.8065,0.8166,0.7837,0.8057,0.7981,0.7723,0.7809
85251,Quercus_robur,166,0.8603,0.8536,0.8316,0.8391,0.8478,0.8294,0.8183,0.8263,0.8129,0.7923
85252,Eucalyptus_globulus,1156,0.85,0.8296,0.8378,0.8411,0.8357,0.8033,0.8303,0.816,0.7908,0.8091
85253,Eucalyptus_globulus,769,0.7611,0.7595,0.7708,0.7634,0.7914,0.7458,0.7483,0.761,0.7633,0.7502
85254,Platanus_hispanica,175,0.6833,0.6491,0.6278,0.6462,0.6139,0.6204,0.682,0.6526,0.6873,0.6133
85255,Fraxinus_angustifolia,210,0.7541,0.7848,0.7714,0.7578,0.7973,0.7432,0.7673,0.7646,0.7692,0.7657
85256,Pinus_pinaster,128,0.838,0.8227,0.8322,0.8122,0.8351,0.796,0.8144,0.8114,0.789,0.798
85257,Eucalyptus_globulus,2301,0.811,0.8132,0.8285,0.7779,0.8102,0.7948,0.804,0.8027,0.7796,0.7805
85258,Alnus_glutinosa,469,0.8679,0.8529,0.8685,0.8492,0.8649,0.8373,0.8202,0.8464,0.8229,0.8335
85259,Eucalyptus_globulus,1097,0.6429,0.7158,0.7454,0.6503,0.7161,0.7235,0.7737,0.7928,0.7719,0.7489
85260,Castanea_sativa,837,0.8675,0.861,0.8558,0.8498,0.8626,0.8405,0.841,0.857,0.838,0.8447
85261,Eucalyptus_globulus,668,0.838,0.8419,0.838,0.8456,0.8455,0.8228,0.843,0.8481,0.7897,0.817
85262,Acacia_dealbata,0,,,,,,,,,,
85264,Castanea_sativa,6778,0.7685,0.8024,0.8208,0.8146,0.8292,0.8006,0.7859,0.8117,0.8082,0.7973
85386,Eucalyptus_globulus,255,0.8171,0.8145,0.8149,0.8154,0.7968,0.8045,0.8032,0.8209,0.8218,0.8021
85389,Pinus_pinaster,1441,0.8221,0.815,0.8055,0.7985,0.7957,0.7766,0.5979,0.7237,0.762,0.7457
85425,Quercus_robur,657,0.8903,0.889,0.8734,0.8742,0.8832,0.8567,0.873,0.8783,0.8615,0.8615
85430,Eucalyptus_globulus,2884,0.7858,0.792,0.784,0.7809,0.7163,0.7288,0.774,0.7977,0.7125,0.7264
85431,Eucalyptus_globulus,307,0.7587,0.7678,0.7508,0.7439,0.7537,0.7184,0.7538,0.7775,0.7565,0.7256
85514,Eucalyptus_globulus,1195,0.7714,0.7834,0.7561,0.7475,0.7638,0.7548,0.7741,0.7654,0.7717,0.7494
85515,Quercus_robur,868,0.8716,0.8608,0.8581,0.8504,0.8438,0.8407,0.8441,0.8512,0.8337,0.834
85534,Pinus_pinaster,1377,0.8351,0.8114,0.8082,0.8132,0.8298,0.7995,0.8161,0.8301,0.8138,0.7587
85583,Eucalyptus_globulus,1564,0.8277,0.8305,0.8353,0.7932,0.8077,0.787,0.8007,0.8081,0.798,0.7869
85586,Pinus_radiata,533,0.8065,0.6383,0.7326,0.7728,0.8186,0.817,0.8356,0.8246,0.8507,0.8139
85594,Pinus_pinaster,1647,0.8501,0.752,0.7861,0.7895,0.8197,0.7868,0.8159,0.8274,0.8173,0.7645
85653,Pinus_pinaster,434,0.8229,0.8198,0.8244,0.8094,0.8082,0.7879,0.806,0.7719,0.7842,0.7692
85664,Pinus_pinaster,61,0.7462,0.7903,0.7933,0.7945,0.8182,0.7945,0.8103,0.8005,0.7929,0.7774
85666,Pinus_pinaster,8,0.7576,0.7759,0.7882,0.8462,0.8662,0.7911,0.8413,0.8031,0.8584,0.83
86055,Pinus_radiata,278,0.8215,0.4248,0.5639,0.6871,0.3841,0.5829,0.6651,0.7498,0.7948,0.7195
86151,Quercus_robur,925,0.8667,0.8621,0.8582,0.8445,0.8689,0.8426,0.8548,0.8451,0.8478,0.8383
86152,Pinus_pinaster,1071,0.8183,0.8177,0.8146,0.7905,0.7984,0.764,0.7864,0.7825,0.7757,0.7618
86256,Pinus_pinaster,3667,0.6198,0.6595,0.6564,0.6587,0.6724,0.6075,0.6329,0.6587,0.6563,0.6295
86258,Pinus_pinaster,71,0.7448,0.7767,0.7805,0.7579,0.7903,0.7876,0.6453,0.7529,0.7343,0.7388
86259,Pinus_pinaster,645,0.7605,0.7573,0.7725,0.7346,0.752,0.7383,0.7142,0.7495,0.6998,0.7145
86260,Quercus_suber,133,0.8265,0.8286,0.8162,0.806,0.8284,0.8108,0.8025,0.8205,0.8004,0.805
86261,Quercus_robur,2262,0.8477,0.8435,0.8369,0.8367,0.8477,0.8512,0.8421,0.8743,0.8559,0.8682
86262,Quercus_robur,9681,0.8206,0.8245,0.8178,0.7887,0.833,0.8222,0.8166,0.8424,0.8332,0.8033
86263,Pinus_pinaster,10194,0.751,0.7484,0.7466,0.7249,0.7004,0.7328,0.7448,0.7605,0.7473,0.7007
86264,Quercus_robur,11896,0.8632,0.8475,0.8514,0.8517,0.8697,0.8527,0.8523,0.8618,0.8382,0.8107
86265,Quercus_robur,2383,0.6428,0.5906,0.5985,0.5647,0.7045,0.6075,0.6651,0.6187,0.7459,0.5254
86266,Quercus_robur,2680,0.7851,0.7779,0.7757,0.794,0.8276,0.7905,0.8186,0.8322,0.8081,0.7631
86267,Quercus_robur,14152,0.8816,0.8757,0.8753,0.8706,0.8892,0.8715,0.8678,0.8808,0.8624,0.8398
86268,Quercus_robur,306,0.8533,0.8405,0.8466,0.8524,0.8594,0.8395,0.8461,0.8523,0.8176,0.8217
86269,Quercus_robur,8312,0.876,0.8679,0.8661,0.8585,0.8829,0.8605,0.8631,0.8713,0.8484,0.8336
86270,Quercus_robur,4675,0.871,0.8582,0.8646,0.8552,0.8742,0.8578,0.8592,0.8643,0.8347,0.8265
86271,Quercus_robur,10941,0.8888,0.8819,0.8737,0.8705,0.8909,0.873,0.867,0.8826,0.8505,0.8339
86272,Quercus_robur,588,0.8093,0.792,0.796,0.7975,0.838,0.818,0.8275,0.8262,0.8207,0.7781
86273,Eucalyptus_globulus,661,0.8672,0.839,0.8433,0.8491,0.8683,0.8517,0.8475,0.851,0.8311,0.8118
86274,Eucalyptus_globulus,1366,0.834,0.8327,0.8261,0.8276,0.8509,0.8304,0.842,0.8406,0.8261,0.8181
86275,Quercus_robur,3885,0.8663,0.8629,0.8536,0.8561,0.8696,0.855,0.841,0.8569,0.8263,0.8315
86276,Quercus_robur,16827,0.8668,0.8604,0.8568,0.8556,0.869,0.8496,0.8542,0.8562,0.8318,0.8237
86277,Pinus_pinaster,199,0.8705,0.8491,0.8578,0.8521,0.85,0.8342,0.8378,0.8337,0.7858,0.7914
86278,Quercus_robur,428,0.8996,0.8836,0.886,0.8832,0.8961,0.8761,0.8853,0.8868,0.8615,0.7955
86279,Quercus_robur,11297,0.8836,0.8794,0.8801,0.8618,0.8808,0.8658,0.8679,0.8651,0.8481,0.8491
86280,Quercus_robur,305,0.9004,0.8828,0.894,0.8876,0.9007,0.8847,0.89,0.89,0.8724,0.8674
86281,Quercus_robur,1071,0.8797,0.8688,0.8606,0.8648,0.8766,0.8631,0.8624,0.8855,0.8727,0.8694
86282,Quercus_robur,285,0.8925,0.8761,0.8833,0.8733,0.8864,0.8745,0.8821,0.8875,0.8601,0.8697
86283,Eucalyptus_globulus,4759,0.8238,0.6288,0.6796,0.7116,0.7885,0.7783,0.7974,0.8158,0.7951,0.7763
86284,Pinus_pinaster,16362,0.7811,0.7634,0.774,0.7651,0.7843,0.7583,0.7603,0.7657,0.7736,0.7312
86285,Pinus_pinaster,216,0.7829,0.7908,0.8006,0.7955,0.8073,0.7777,0.8011,0.7909,0.7934,0.7846
86286,Pinus_pinaster,2773,0.716,0.7013,0.7005,0.6354,0.676,0.6622,0.6874,0.6842,0.721,0.6719
86287,Pinus_pinaster,15304,0.8153,0.7948,0.7958,0.7794,0.7978,0.7726,0.7897,0.7325,0.7569,0.7453
86288,Pinus_pinaster,12195,0.7878,0.7546,0.7706,0.766,0.7846,0.7584,0.7761,0.7871,0.7588,0.7281
86289,Quercus_robur,5097,0.8467,0.6774,0.7474,0.7806,0.8227,0.7967,0.8227,0.8213,0.8168,0.8143
86290,Pinus_sylvestris,14397,0.7558,0.7247,0.7498,0.7385,0.7402,0.7208,0.7425,0.7499,0.7225,0.6907
86291,Pinus_pinaster,1086,0.8355,0.8237,0.8339,0.7962,0.8198,0.7991,0.8196,0.8285,0.7755,0.7702
86292,Quercus_robur,4548,0.8836,0.8748,0.8708,0.8544,0.883,0.8634,0.8649,0.8845,0.8666,0.8772
86293,Quercus_robur,967,0.8742,0.8598,0.8661,0.805,0.861,0.8412,0.8409,0.8545,0.8547,0.8605
86294,Pinus_pinaster,573,0.8245,0.8061,0.8186,0.7534,0.785,0.744,0.7469,0.7641,0.7743,0.7773
86295,Pinus_pinaster,1139,0.8385,0.8191,0.8296,0.8038,0.8245,0.8324,0.8333,0.8282,0.8039,0.7794
86296,Pinus_pinaster,451,0.8185,0.8032,0.7016,0.7411,0.7968,0.7738,0.8005,0.7986,0.785,0.7774
86297,Pinus_pinaster,20064,0.8528,0.7976,0.8206,0.8239,0.8364,0.8178,0.8191,0.8327,0.8142,0.8219
86298,Pinus_pinaster,15284,0.8358,0.8027,0.8091,0.7973,0.8141,0.8014,0.8096,0.8184,0.8001,0.8028
86299,Pinus_sylvestris,4091,0.8325,0.8309,0.7929,0.815,0.8282,0.8303,0.8383,0.834,0.7306,0.7949
86300,Pinus_sylvestris,1137,0.8331,0.8335,0.8426,0.8327,0.8396,0.8342,0.8488,0.8075,0.7727,0.81
86301,Pinus_sylvestris,1468,0.8332,0.8383,0.8093,0.8148,0.7857,0.8065,0.8278,0.7997,0.6897,0.7608
86302,Pinus_pinaster,3971,0.8016,0.7978,0.8027,0.7779,0.783,0.7721,0.7895,0.7866,0.6922,0.7238
86303,Pinus_pinaster,6888,0.7314,0.741,0.7485,0.7498,0.7652,0.769,0.7305,0.7239,0.6921,0.7077
86304,Pinus_pinaster,756,0.757,0.7769,0.79,0.7734,0.7923,0.7709,0.7767,0.7571,0.7372,0.733
86305,Quercus_robur,426,0.8354,0.693,0.7409,0.7897,0.8053,0.7947,0.817,0.8555,0.8256,0.8074
86306,Quercus_robur,324,0.9057,0.8955,0.8892,0.8778,0.8907,0.8776,0.8759,0.8821,0.8814,0.8943
86307,Pinus_pinaster,177,0.8572,0.8517,0.85,0.8412,0.8164,0.819,0.8036,0.8075,0.8049,0.8189
86308,Pinus_pinaster,4171,0.8048,0.4755,0.5942,0.713,0.7799,0.746,0.7711,0.8077,0.8099,0.7696
86309,Eucalyptus_globulus,759,0.7971,0.5829,0.7079,0.7806,0.8317,0.8073,0.8155,0.8334,0.8223,0.8183
86310,Pinus_pinaster,308,0.8053,0.7746,0.7316,0.7508,0.7425,0.7384,0.6843,0.733,0.7552,0.7364
86311,Quercus_robur,433,0.841,0.6697,0.6924,0.6953,0.7499,0.7132,0.7694,0.7958,0.7922,0.7835
86312,Pinus_pinaster,1146,0.7363,0.2462,0.3649,0.5461,0.5626,0.6113,0.6545,0.705,0.6905,0.6815
86313,Pinus_pinaster,5380,0.8039,0.794,0.7834,0.7505,0.7879,0.7656,0.7749,0.777,0.7667,0.7428
86314,Eucalyptus_globulus,1119,0.7669,0.6511,0.6555,0.6913,0.7427,0.7429,0.786,0.7779,0.7619,0.73
86315,Pinus_pinaster,2973,0.7883,0.4565,0.5646,0.6448,0.7587,0.7032,0.7478,0.7798,0.7721,0.6164
86316,Pinus_pinaster,5863,0.7766,0.4459,0.5315,0.6106,0.6802,0.6565,0.7034,0.7291,0.7323,0.6569
86317,Quercus_robur,1455,0.8669,0.8469,0.8417,0.8384,0.853,0.822,0.8481,0.8511,0.8392,0.8389
86318,Pinus_pinaster,1395,0.8055,0.4655,0.5834,0.6846,0.7342,0.6822,0.7358,0.7023,0.7869,0.6737
86320,Pinus_radiata,4613,0.799,0.5329,0.6197,0.6825,0.7573,0.7357,0.7477,0.7755,0.7646,0.7297
86321,Pinus_pinaster,2700,0.8057,0.6012,0.6849,0.7454,0.7167,0.6905,0.7289,0.7795,0.7966,0.6978
86322,Pinus_pinaster,575,0.6782,0.7613,0.792,0.7862,0.8222,0.6119,0.3806,0.4462,0.602,0.4864
86323,Eucalyptus_globulus,717,0.8215,0.7979,0.7988,0.795,0.795,0.767,0.7645,0.7809,0.7739,0.7747
86324,Pinus_pinaster,5299,0.8329,0.8247,0.8169,0.8023,0.8242,0.8047,0.8147,0.8198,0.813,0.8085
86325,Quercus_suber,0,,,,,,,,,,
86326,Pinus_pinaster,18070,0.8295,0.8211,0.8247,0.7971,0.8107,0.8001,0.802,0.8211,0.8051,0.8024
86327,Pinus_pinaster,7405,0.7678,0.7794,0.7565,0.7563,0.7711,0.7351,0.7595,0.7656,0.7642,0.7132
86328,Eucalyptus_globulus,0,,,,,,,,,,
86329,Pinus_pinaster,3654,0.7421,0.7659,0.756,0.745,0.7795,0.741,0.7643,0.7726,0.7762,0.753
86330,Quercus_robur,1793,0.8639,0.8558,0.852,0.8472,0.8616,0.8376,0.8468,0.858,0.8465,0.8531
86331,Quercus_robur,377,0.8315,0.8405,0.8316,0.8306,0.753,0.7846,0.8035,0.8286,0.8248,0.8106
86332,Pinus_pinaster,3242,0.7935,0.5413,0.6244,0.6614,0.7331,0.7252,0.7708,0.7913,0.7802,0.6598
86333,Pinus_pinaster,557,0.7891,0.7794,0.7513,0.7533,0.6798,0.7063,0.7547,0.7582,0.7582,0.758
86334,Eucalyptus_globulus,905,0.8227,0.7043,0.766,0.751,0.8096,0.7865,0.8201,0.8248,0.8064,0.7881
86335,Quercus_robur,690,0.8442,0.8222,0.816,0.8227,0.835,0.8264,0.8387,0.8425,0.8344,0.8333
86336,Quercus_robur,5350,0.8792,0.8741,0.8655,0.8606,0.8708,0.8593,0.8667,0.8702,0.8628,0.8739
86337,Pinus_pinaster,689,0.8128,0.6464,0.6813,0.7358,0.7987,0.7873,0.7703,0.7986,0.8101,0.7905
86338,Pinus_pinaster,3670,0.7672,0.4668,0.5091,0.5781,0.6798,0.6528,0.7197,0.7264,0.736,0.5409
86339,Pinus_pinaster,5497,0.8143,0.5887,0.6314,0.6679,0.7503,0.7269,0.7702,0.7663,0.7639,0.675
86340,Eucalyptus_globulus,494,0.7509,0.7828,0.7874,0.7775,0.8022,0.7789,0.7974,0.822,0.8025,0.7991
86341,Pinus_sylvestris,2603,0.8123,0.7997,0.8156,0.8001,0.8085,0.7909,0.8087,0.7877,0.7423,0.7678
86342,Pinus_sylvestris,736,0.7889,0.784,0.7996,0.7826,0.805,0.7914,0.8141,0.8025,0.7228,0.7429
86343,Quercus_robur,7621,0.8643,0.8653,0.8599,0.8525,0.8682,0.8494,0.8594,0.8642,0.8438,0.8461
86344,Pinus_pinaster,2479,0.819,0.8053,0.8171,0.7957,0.8085,0.8073,0.8123,0.7889,0.7438,0.7533
86345,Pinus_pinaster,352,0.7509,0.7229,0.7295,0.7145,0.7382,0.737,0.751,0.7713,0.6999,0.723
86346,Quercus_robur,888,0.7991,0.6907,0.7075,0.7449,0.8034,0.769,0.7917,0.7983,0.7985,0.7765
86347,Pinus_pinaster,1238,0.7986,0.7843,0.7926,0.7817,0.7942,0.7691,0.7827,0.7647,0.7467,0.7375
86348,Pinus_pinaster,935,0.8478,0.8391,0.8417,0.8357,0.8481,0.8283,0.8425,0.8311,0.8052,0.8127
86349,Eucalyptus_globulus,2344,0.8355,0.7987,0.7997,0.793,0.8104,0.8006,0.8128,0.8234,0.8084,0.8107
86350,Quercus_robur,2149,0.8655,0.8572,0.859,0.8505,0.8649,0.8485,0.8398,0.8248,0.8195,0.8351
86351,Eucalyptus_globulus,2100,0.8292,0.827,0.8355,0.8151,0.8327,0.8083,0.8062,0.801,0.7684,0.7706
86352,Quercus_robur,2836,0.8983,0.8815,0.8858,0.8787,0.8911,0.875,0.8675,0.8697,0.8403,0.862
86353,Quercus_robur,706,0.8821,0.8547,0.8634,0.8544,0.8705,0.8479,0.8694,0.8731,0.8523,0.8559
86354,Pinus_radiata,200,0.8433,0.8327,0.851,0.8432,0.7167,0.7555,0.7767,0.8326,0.8282,0.792
86355,Betula_alba,1694,0.8462,0.8385,0.8421,0.7352,0.8328,0.8361,0.8493,0.8661,0.8341,0.8338
86356,Pinus_pinaster,8029,0.7621,0.7786,0.7926,0.7795,0.7921,0.7796,0.7947,0.7976,0.755,0.7543
86357,Pinus_pinaster,4190,0.7843,0.7529,0.7664,0.7234,0.7617,0.7128,0.7287,0.7303,0.72,0.6959
86358,Quercus_robur,5685,0.8119,0.7938,0.7881,0.758,0.7695,0.7286,0.7319,0.7355,0.7407,0.7224
86359,Quercus_robur,3010,0.8926,0.8821,0.8789,0.8743,0.887,0.8647,0.8449,0.8568,0.8397,0.8489
86360,Pinus_pinaster,400,0.8351,0.819,0.8369,0.8105,0.832,0.809,0.8121,0.8142,0.7752,0.7676
86361,Pinus_pinaster,5925,0.7973,0.7925,0.789,0.7823,0.7831,0.7621,0.7596,0.7833,0.7667,0.6428
86362,Pinus_pinaster,926,0.8306,0.8219,0.8203,0.8056,0.8249,0.7787,0.7851,0.7903,0.7712,0.6984
86363,Pinus_pinaster,41372,0.8071,0.7963,0.7996,0.7804,0.8071,0.7744,0.7717,0.7796,0.7694,0.7595
86364,Pinus_pinaster,235,0.8332,0.7951,0.8166,0.7979,0.8435,0.8075,0.7728,0.7968,0.8114,0.7274
86365,Quercus_robur,13299,0.8741,0.8626,0.8592,0.8522,0.861,0.847,0.8599,0.8639,0.8499,0.8494
86366,Quercus_robur,153,0.8709,0.8636,0.8571,0.8552,0.862,0.8405,0.8617,0.8715,0.8531,0.8679
86367,Quercus_robur,3695,0.8555,0.7633,0.7959,0.8079,0.8385,0.8177,0.8345,0.8342,0.8104,0.805
86368,Pinus_pinaster,230,0.8044,0.667,0.6815,0.6884,0.7518,0.7241,0.7323,0.7656,0.7514,0.7169
86369,Pinus_pinaster,5809,0.7844,0.765,0.7852,0.7815,0.8141,0.7908,0.8099,0.8133,0.8006,0.7822
86370,Pinus_pinaster,416,0.6701,0.6995,0.7355,0.7483,0.7899,0.7533,0.7864,0.7909,0.7875,0.7363
86371,Eucalyptus_globulus,826,0.5109,0.6634,0.7142,0.745,0.7324,0.7349,0.7732,0.652,0.6937,0.696
86372,Eucalyptus_globulus,235,0.7085,0.7735,0.8051,0.7952,0.8084,0.7836,0.8078,0.8111,0.7651,0.7629
86373,Pinus_pinaster,3172,0.5842,0.6724,0.7054,0.7336,0.7639,0.7306,0.7323,0.7523,0.7184,0.6943
86374,Pinus_pinaster,1129,0.7733,0.7852,0.8,0.6898,0.765,0.7474,0.7953,0.797,0.7973,0.7593
86375,Pinus_pinaster,34124,0.8472,0.831,0.8297,0.8094,0.8195,0.7989,0.8173,0.8292,0.8144,0.7819
86376,Eucalyptus_globulus,966,0.7693,0.7694,0.7756,0.7552,0.7654,0.7574,0.7742,0.7629,0.7276,0.5682
86377,Quercus_robur,3338,0.8674,0.8558,0.8605,0.8448,0.8539,0.8397,0.853,0.8535,0.8259,0.8325
86378,Pinus_pinaster,333,0.6502,0.6964,0.7047,0.6958,0.7044,0.694,0.7574,0.759,0.7596,0.7081
86379,Pinus_pinaster,3203,0.7989,0.7841,0.7997,0.7901,0.7972,0.7922,0.7977,0.8051,0.7883,0.7543
86380,Pinus_pinaster,138,0.8915,0.8628,0.8675,0.8672,0.8874,0.8671,0.8763,0.8734,0.8516,0.8613
86381,Quercus_robur,2295,0.6035,0.7459,0.7691,0.763,0.7874,0.7342,0.7644,0.7529,0.7215,0.7338
86382,Quercus_robur,9177,0.8682,0.8568,0.8519,0.8457,0.8604,0.8426,0.8459,0.8618,0.8421,0.8422
86383,Pinus_pinaster,5335,0.8272,0.8219,0.8202,0.8136,0.8238,0.8032,0.8215,0.8307,0.7985,0.7876
86384,Pinus_pinaster,1101,0.7612,0.7576,0.7661,0.7429,0.733,0.7003,0.7331,0.7419,0.6996,0.6995
86385,Pinus_pinaster,344,0.8074,0.7847,0.7922,0.7596,0.7876,0.7681,0.7904,0.793,0.7579,0.7519
86386,Pinus_pinaster,947,0.7763,0.7838,0.7987,0.7706,0.7557,0.7636,0.7728,0.7741,0.7031,0.7324
86387,Eucalyptus_globulus,1263,0.4415,0.5803,0.6233,0.6611,0.7282,0.666,0.7548,0.7055,0.7373,0.648
86388,Pinus_pinaster,102,0.819,0.8005,0.7527,0.7692,0.7964,0.7632,0.8013,0.8045,0.7628,0.7618
86389,Pinus_radiata,458,0.8904,0.8719,0.8864,0.8701,0.8665,0.8626,0.8732,0.8765,0.8292,0.8404
86390,Pinus_pinaster,5822,0.7577,0.7826,0.7959,0.7942,0.8123,0.7869,0.8051,0.8076,0.778,0.7816
86391,Quercus_robur,383,0.876,0.8651,0.8638,0.8499,0.8644,0.8268,0.8388,0.8506,0.8338,0.8365
86392,Eucalyptus_globulus,1809,0.8655,0.8441,0.8497,0.5823,0.757,0.8031,0.8458,0.8682,0.8443,0.8414
86393,Eucalyptus_globulus,418,0.8395,0.8288,0.84,0.8241,0.839,0.8139,0.8302,0.8263,0.7117,0.7795
86394,Pinus_pinaster,3830,0.8101,0.7906,0.7733,0.7834,0.7877,0.7539,0.7124,0.6611,0.6559,0.6632
86395,Quercus_robur,9357,0.8245,0.8245,0.8271,0.8225,0.8343,0.8105,0.8113,0.8238,0.8043,0.7957
86396,Pinus_pinaster,165,0.8481,0.8277,0.8316,0.8205,0.8376,0.8185,0.8087,0.8187,0.8061,0.7937
86397,Eucalyptus_globulus,7629,0.8404,0.8355,0.8246,0.8187,0.8392,0.8035,0.8157,0.804,0.7974,0.7861
86398,Eucalyptus_globulus,568,0.7185,0.7137,0.7644,0.7313,0.8011,0.7751,0.815,0.8085,0.807,0.7825
86399,Eucalyptus_globulus,445,0.7926,0.7843,0.7858,0.7857,0.8089,0.7467,0.801,0.798,0.7568,0.5926
86400,Pinus_pinaster,3238,0.8431,0.8376,0.8442,0.8322,0.8413,0.8073,0.7849,0.765,0.7456,0.7565
86401,Pinus_pinaster,978,0.772,0.7579,0.7701,0.6826,0.7526,0.6869,0.7307,0.713,0.7573,0.7171
86402,Eucalyptus_globulus,1538,0.6498,0.7183,0.7174,0.6994,0.7194,0.6504,0.6883,0.6828,0.6876,0.6664
86403,Eucalyptus_globulus,930,0.7187,0.7208,0.6717,0.6608,0.6809,0.6,0.6829,0.6771,0.6833,0.6636
86404,Quercus_robur,2271,0.8536,0.8389,0.8461,0.8427,0.8532,0.8268,0.8301,0.8365,0.8191,0.8265
86405,Eucalyptus_globulus,1010,0.4037,0.5215,0.5814,0.6148,0.6754,0.6186,0.5669,0.6346,0.7123,0.6298
86406,Pinus_pinaster,7883,0.7645,0.7586,0.7636,0.7437,0.77,0.7184,0.7423,0.748,0.7352,0.6945
86407,Eucalyptus_globulus,1965,0.8258,0.833,0.84,0.8392,0.8412,0.8289,0.8481,0.7432,0.7555,0.7685
86408,Eucalyptus_globulus,292,0.8474,0.8422,0.8494,0.8533,0.8547,0.8392,0.8538,0.7559,0.7956,0.7963
86409,Pinus_pinaster,25032,0.8123,0.8035,0.8081,0.797,0.8151,0.7848,0.7848,0.7962,0.7768,0.768
86410,Eucalyptus_globulus,1792,0.8382,0.8308,0.8338,0.8255,0.8402,0.8168,0.8254,0.7722,0.7298,0.7717
86411,Quercus_robur,1730,0.8826,0.8709,0.8789,0.8755,0.8805,0.8659,0.8654,0.8564,0.8345,0.8563
86412,Quercus_rubra,1458,0.8107,0.7864,0.767,0.7816,0.8111,0.7787,0.8066,0.7471,0.6319,0.6852
86413,Eucalyptus_globulus,428,0.6387,0.6453,0.6887,0.662,0.7453,0.7169,0.7642,0.4111,0.2909,0.5058
86414,Pinus_pinaster,728,0.8457,0.8215,0.8265,0.7998,0.8186,0.7721,0.803,0.7879,0.773,0.7527
86415,Eucalyptus_globulus,1268,0.8173,0.8007,0.8013,0.7889,0.8312,0.7776,0.8098,0.8013,0.7834,0.7741
86416,Eucalyptus_globulus,1124,0.8148,0.8081,0.8249,0.7862,0.8306,0.8175,0.8282,0.7688,0.7632,0.777
86417,Quercus_rubra,800,0.8712,0.8761,0.8595,0.8526,0.8808,0.8686,0.8896,0.8574,0.8526,0.8415
86418,Eucalyptus_globulus,1103,0.7943,0.7932,0.7047,0.7687,0.8059,0.6417,0.7394,0.7768,0.7847,0.779
86419,Eucalyptus_globulus,104,0.791,0.7968,0.8093,0.8025,0.8339,0.3979,0.7185,0.7454,0.8075,0.7765
86420,Eucalyptus_globulus,3767,0.8398,0.8284,0.8325,0.8224,0.8377,0.8115,0.8154,0.8229,0.782,0.7903
86421,Eucalyptus_globulus,856,0.7071,0.6438,0.6694,0.6757,0.7432,0.7089,0.7031,0.7242,0.7295,0.713
86422,Eucalyptus_globulus,452,0.834,0.854,0.8656,0.8492,0.8467,0.8279,0.8488,0.8632,0.82,0.7769
86423,Eucalyptus_globulus,225,0.8653,0.8417,0.8565,0.8369,0.8543,0.8382,0.844,0.8469,0.7863,0.8181
86424,Eucalyptus_globulus,404,0.6576,0.768,0.7993,0.7708,0.8325,0.8164,0.838,0.7595,0.7893,0.7863
86425,Pinus_pinaster,254,0.7644,0.7944,0.8127,0.7829,0.8102,0.7947,0.8079,0.8036,0.7664,0.7633
86426,Quercus_robur,2029,0.8958,0.8809,0.8897,0.8685,0.8884,0.8782,0.8775,0.8898,0.8588,0.8736
86427,Quercus_robur,1253,0.882,0.8564,0.8568,0.8579,0.8698,0.8586,0.8612,0.8699,0.8386,0.8564
86428,Pinus_pinaster,444,0.7459,0.771,0.7822,0.7724,0.7974,0.7857,0.8011,0.7987,0.7848,0.7721
86429,Eucalyptus_globulus,855,0.7482,0.7494,0.7624,0.7543,0.7892,0.7559,0.6873,0.7524,0.7302,0.7256
86430,Pinus_pinaster,8350,0.8406,0.8301,0.8342,0.7964,0.8298,0.8157,0.8079,0.8257,0.8077,0.8115
86431,Pinus_pinaster,1630,0.7781,0.7696,0.7636,0.6062,0.741,0.6925,0.7403,0.7652,0.7428,0.7156
86432,Pinus_pinaster,2206,0.7138,0.7512,0.7552,0.7548,0.7741,0.7598,0.7695,0.7725,0.7429,0.7338
86433,Pinus_pinaster,689,0.7527,0.7492,0.7196,0.7286,0.7346,0.7385,0.7304,0.7501,0.7389,0.731
86434,Pinus_pinaster,1946,0.7949,0.7867,0.8003,0.8026,0.8125,0.7948,0.7311,0.7756,0.7553,0.7589
86435,Pinus_pinaster,713,0.8072,0.797,0.7697,0.7522,0.7768,0.7671,0.7664,0.7961,0.7616,0.755
86436,Eucalyptus_globulus,432,0.6978,0.7575,0.7749,0.7995,0.7823,0.7923,0.8184,0.8251,0.782,0.5133
86437,Eucalyptus_globulus,1079,0.6383,0.7109,0.7153,0.7329,0.715,0.6993,0.7378,0.7601,0.7409,0.7282
86438,Eucalyptus_globulus,2573,0.7103,0.7426,0.702,0.7596,0.7567,0.7541,0.783,0.7816,0.7701,0.7438
86439,Pinus_pinaster,16765,0.7221,0.7253,0.6833,0.7126,0.7325,0.7153,0.7355,0.7388,0.7099,0.6984
86440,Pinus_radiata,906,0.8106,0.8217,0.8293,0.8167,0.79,0.8034,0.8294,0.7326,0.7121,0.7058
86441,Pinus_pinaster,5357,0.8212,0.819,0.8052,0.7901,0.8053,0.7771,0.8124,0.8175,0.7742,0.7877
86442,Pinus_sylvestris,10682,0.8195,0.806,0.7984,0.7833,0.7857,0.7837,0.7945,0.7812,0.7584,0.7738
86443,Eucalyptus_globulus,1815,0.6462,0.414,0.5639,0.6684,0.7662,0.7788,0.7912,0.75,0.6975,0.7414
86444,Eucalyptus_globulus,230,0.7319,0.6087,0.6581,0.6378,0.6867,0.6862,0.7046,0.7123,0.7161,0.7054
86445,Pinus_radiata,424,0.7983,0.8041,0.8201,0.7929,0.7971,0.7766,0.7831,0.8098,0.7782,0.7959
86446,Pinus_radiata,433,0.8569,0.8431,0.5919,0.7355,0.7871,0.6689,0.7484,0.798,0.8158,0.7699
86447,Pinus_radiata,1511,0.7998,0.8028,0.8184,0.8112,0.8255,0.82,0.8229,0.8141,0.7819,0.7967
86448,Pinus_radiata,1232,0.8576,0.8503,0.8653,0.8552,0.6885,0.7014,0.5891,0.7036,0.747,0.7512
86449,Eucalyptus_globulus,480,0.8053,0.7917,0.8161,0.8203,0.7936,0.8305,0.8651,0.8619,0.8038,0.8185
86450,Pinus_pinaster,2282,0.8609,0.8528,0.8699,0.836,0.8616,0.8359,0.8533,0.821,0.8307,0.8299
86451,Pinus_pinaster,10983,0.8483,0.8373,0.8378,0.8212,0.8443,0.8177,0.8279,0.8289,0.8077,0.8155
86452,Pinus_pinaster,176,0.7813,0.7828,0.7888,0.7344,0.7727,0.7306,0.7924,0.8109,0.7668,0.759
86453,Eucalyptus_globulus,4799,0.6513,0.7062,0.7417,0.7356,0.7676,0.7546,0.6759,0.7472,0.7456,0.7399
86454,Pinus_pinaster,10592,0.8229,0.8034,0.8069,0.8004,0.8238,0.7982,0.7954,0.7998,0.7874,0.7742
86455,Pinus_pinaster,24084,0.8423,0.8352,0.837,0.8265,0.8392,0.8211,0.8158,0.8347,0.814,0.8098
86456,Pinus_pinaster,24446,0.8292,0.8185,0.821,0.811,0.8191,0.7996,0.8108,0.8243,0.8001,0.7575
86457,Eucalyptus_globulus,15716,0.8592,0.8515,0.8504,0.8388,0.8578,0.8359,0.8401,0.8413,0.8208,0.8201
86458,Eucalyptus_globulus,1529,0.7388,0.743,0.7143,0.741,0.7705,0.7328,0.7414,0.7409,0.7433,0.7392
86459,Pinus_pinaster,19326,0.8375,0.8299,0.8287,0.8219,0.8339,0.8128,0.815,0.8252,0.8103,0.8076
86460,Pinus_radiata,972,0.764,0.7663,0.7659,0.7177,0.7566,0.726,0.7435,0.7612,0.752,0.7258
86461,Eucalyptus_globulus,4288,0.7761,0.7835,0.783,0.713,0.7597,0.7294,0.7579,0.7355,0.7839,0.7078
86462,Pinus_pinaster,3418,0.8138,0.8238,0.809,0.8239,0.8235,0.7699,0.8129,0.8176,0.8119,0.7991
86463,Quercus_robur,7574,0.8632,0.8523,0.8459,0.8434,0.8593,0.8432,0.8329,0.8518,0.8552,0.8391
86464,Quercus_robur,151,0.8594,0.8493,0.8456,0.8364,0.8504,0.8344,0.8401,0.8556,0.8259,0.837
86465,Pinus_pinaster,784,0.8416,0.799,0.8122,0.807,0.8301,0.8093,0.8255,0.8375,0.8001,0.7556
86466,Pinus_pinaster,111,0.6328,0.5071,0.5449,0.4901,0.5158,0.5049,0.5649,0.5668,0.5036,0.4761
86467,Pinus_pinaster,1474,0.6504,0.6334,0.651,0.6401,0.6802,0.6576,0.6789,0.676,0.6572,0.5988
86468,Quercus_robur,3440,0.848,0.8157,0.824,0.8332,0.8368,0.8159,0.8304,0.8394,0.8303,0.8179
86469,Pinus_pinaster,3516,0.7969,0.7835,0.7974,0.7865,0.8025,0.7868,0.7935,0.8057,0.7294,0.7016
86470,Quercus_robur,663,0.853,0.8489,0.846,0.8274,0.8451,0.8263,0.8382,0.8543,0.7913,0.7982
86471,Pinus_pinaster,760,0.6664,0.697,0.6968,0.6807,0.7183,0.7031,0.7285,0.7247,0.2893,0.3534
86472,Pinus_sylvestris,1355,0.8406,0.8342,0.849,0.8506,0.8654,0.8506,0.847,0.8685,0.8501,0.8399
86473,Pinus_pinaster,861,0.8589,0.838,0.8425,0.8294,0.8381,0.8261,0.8273,0.8299,0.8128,0.8049
86474,Pinus_pinaster,2349,0.8169,0.8095,0.7429,0.7332,0.8005,0.7892,0.816,0.832,0.8211,0.7955
86475,Salix_atrocinerea,155,0.8904,0.8836,0.8829,0.8869,0.8566,0.8584,0.8551,0.8718,0.8405,0.858
86476,Pinus_pinaster,1163,0.8476,0.8408,0.8421,0.8595,0.8532,0.8348,0.8589,0.8587,0.7407,0.7874
86477,Eucalyptus_globulus,950,0.8218,0.7989,0.8125,0.8173,0.7972,0.7872,0.5604,0.6856,0.7043,0.7336
86478,Pinus_pinaster,4485,0.8003,0.7397,0.7696,0.7429,0.7924,0.7528,0.7909,0.7849,0.7582,0.7431
86479,Pinus_radiata,2782,0.8059,0.8215,0.8344,0.7963,0.8172,0.7604,0.8047,0.8243,0.7683,0.7572
86480,Quercus_robur,1453,0.8245,0.8108,0.821,0.8018,0.8351,0.8218,0.8088,0.8235,0.828,0.8019
86481,Quercus_robur,601,0.8397,0.8147,0.8164,0.7797,0.8084,0.7846,0.8025,0.7907,0.8121,0.7853
86482,Pinus_pinaster,534,0.8549,0.8378,0.8482,0.8223,0.8414,0.8272,0.8421,0.8401,0.8507,0.8304
86483,Pinus_pinaster,586,0.8771,0.8709,0.8758,0.8648,0.8833,0.857,0.8444,0.8657,0.8521,0.8621
86484,Pinus_pinaster,5494,0.7966,0.7809,0.795,0.7733,0.7884,0.7152,0.7833,0.7941,0.7647,0.7499
86489,Quercus_robur,119,0.9,0.8785,0.8842,0.9051,0.8773,0.8864,0.8735,0.8876,0.8656,0.8772
86490,Pinus_pinaster,13561,0.8222,0.8119,0.8042,0.7999,0.7992,0.7764,0.8052,0.8197,0.8038,0.7728
86491,Pinus_pinaster,7058,0.8074,0.7876,0.8007,0.7887,0.7977,0.7681,0.7993,0.8045,0.7547,0.763
86492,Pinus_radiata,450,0.8175,0.7884,0.8219,0.8107,0.8293,0.8162,0.8336,0.8396,0.7796,0.7377
86493,Pinus_pinaster,8465,0.7222,0.7127,0.7176,0.7202,0.7397,0.7252,0.7551,0.7548,0.7288,0.6815
86494,Pinus_pinaster,1538,0.7821,0.7362,0.7777,0.7903,0.7924,0.7932,0.8038,0.822,0.7882,0.7412
86495,Quercus_robur,7870,0.8526,0.8551,0.8583,0.849,0.865,0.8432,0.8548,0.8571,0.835,0.8508
86496,Pinus_pinaster,1440,0.7524,0.7794,0.7946,0.7901,0.7996,0.7483,0.7334,0.7619,0.7445,0.7221
86497,Quercus_rubra,619,0.8334,0.8265,0.8266,0.832,0.8319,0.8373,0.8331,0.8479,0.8376,0.8438
86498,Quercus_robur,4255,0.8827,0.8871,0.8767,0.8726,0.884,0.8599,0.8682,0.8696,0.8455,0.8696
86499,Eucalyptus_globulus,6918,0.8537,0.8105,0.8235,0.824,0.8381,0.8221,0.8359,0.842,0.8128,0.826
86500,Eucalyptus_globulus,3494,0.8084,0.816,0.8083,0.7992,0.827,0.8059,0.8184,0.8216,0.806,0.7938
86501,Pinus_pinaster,3303,0.736,0.7361,0.6994,0.714,0.5971,0.5843,0.6497,0.6837,0.6964,0.6492
86502,Eucalyptus_globulus,138,0.8046,0.8213,0.8353,0.8165,0.8333,0.8187,0.8342,0.8343,0.8048,0.8061
86503,Pinus_pinaster,1410,0.8427,0.8253,0.8331,0.8135,0.7933,0.7553,0.8036,0.8064,0.7853,0.7662
86504,Eucalyptus_globulus,7429,0.8243,0.8193,0.8165,0.8151,0.8299,0.8012,0.8062,0.8196,0.8101,0.8005
86505,Pinus_pinaster,2197,0.7943,0.7877,0.7809,0.7871,0.8008,0.7821,0.7721,0.7804,0.7816,0.7657
86506,Pinus_pinaster,15334,0.8113,0.8154,0.8171,0.816,0.8275,0.807,0.8195,0.8282,0.7848,0.7847
86507,Quercus_robur,908,0.8568,0.8447,0.8473,0.8429,0.8598,0.8375,0.854,0.8653,0.8425,0.8519
86508,Pinus_radiata,1395,0.8149,0.815,0.8109,0.7809,0.788,0.7193,0.7679,0.7916,0.7442,0.7334
86509,Pinus_pinaster,341,0.7624,0.7412,0.7545,0.7469,0.7973,0.7799,0.7986,0.7995,0.7939,0.753
86510,Eucalyptus_globulus,15563,0.754,0.7837,0.7964,0.7859,0.8093,0.7894,0.797,0.795,0.7764,0.7292
86511,Quercus_robur,1614,0.8569,0.8717,0.8587,0.8569,0.8645,0.844,0.8587,0.8602,0.8326,0.8534
86512,Eucalyptus_globulus,448,0.6881,0.7552,0.7727,0.7623,0.7824,0.7725,0.778,0.7841,0.7468,0.748
86513,Quercus_robur,4493,0.8735,0.8713,0.8659,0.8594,0.8746,0.858,0.8584,0.8689,0.8494,0.8535
86517,Pinus_pinaster,0,,,,,,,,,,
86518,Eucalyptus_globulus,1512,0.8797,0.8747,0.8707,0.8642,0.8809,0.855,0.8697,0.8769,0.8496,0.8569
86519,Eucalyptus_globulus,984,0.6725,0.7653,0.744,0.7933,0.8195,0.7961,0.8276,0.8065,0.8011,0.796
86520,Quercus_robur,588,0.8393,0.8166,0.8011,0.7977,0.8417,0.7979,0.8067,0.815,0.8257,0.7888
86521,Pinus_radiata,367,0.6197,0.7442,0.7567,0.7607,0.7829,0.722,0.746,0.7814,0.7598,0.7688
86522,Pinus_pinaster,866,0.5051,0.5867,0.6363,0.633,0.657,0.5958,0.578,0.6188,0.6789,0.5993
86523,Pinus_pinaster,2138,0.6119,0.7239,0.7516,0.7631,0.7769,0.757,0.6676,0.7269,0.7552,0.7387
86524,Pinus_pinaster,430,0.6374,0.7361,0.756,0.757,0.7845,0.7291,0.6625,0.6957,0.7442,0.7021
86525,Quercus_robur,340,0.8656,0.8371,0.8445,0.8346,0.858,0.8213,0.849,0.7937,0.8356,0.8038
86526,Pinus_pinaster,326,0.8588,0.8598,0.8658,0.8475,0.868,0.8344,0.8539,0.8347,0.8295,0.8146
86527,Pinus_pinaster,23910,0.7833,0.7935,0.7965,0.7841,0.8012,0.7792,0.7739,0.7698,0.764,0.7594
86528,Eucalyptus_globulus,1195,0.6818,0.7259,0.7134,0.7235,0.7422,0.728,0.4771,0.6435,0.6584,0.6818
86529,Pinus_pinaster,173,0.8811,0.8649,0.8786,0.857,0.8729,0.8678,0.8655,0.8703,0.8534,0.8656
86530,Pinus_pinaster,1007,0.8187,0.8001,0.8103,0.8094,0.8223,0.8108,0.8238,0.7747,0.7762,0.7772
86531,Pinus_radiata,2239,0.8535,0.8355,0.8465,0.8414,0.8359,0.8237,0.8371,0.8408,0.8127,0.8162
86532,Pinus_pinaster,1228,0.802,0.8241,0.8281,0.8263,0.8186,0.7908,0.8112,0.8231,0.78,0.7955
86533,Eucalyptus_globulus,2651,0.8141,0.8102,0.8154,0.7835,0.8188,0.7883,0.8116,0.8067,0.7807,0.7955
86534,Eucalyptus_globulus,11157,0.8135,0.8117,0.8025,0.7952,0.8204,0.7971,0.8181,0.8054,0.7694,0.7567
86535,Pinus_pinaster,368,0.8072,0.8002,0.8147,0.7931,0.7861,0.7716,0.8013,0.8007,0.7635,0.7635
86536,Pinus_pinaster,3668,0.8117,0.8045,0.8062,0.7938,0.8,0.7589,0.7863,0.7841,0.7361,0.7149
86537,Pinus_radiata,333,0.8232,0.8082,0.8202,0.8044,0.8135,0.7831,0.7722,0.5392,0.6763,0.583
86538,Pinus_pinaster,2185,0.8526,0.8376,0.8429,0.822,0.8491,0.7963,0.7681,0.7588,0.7468,0.7443
86539,Pinus_pinaster,313,0.7663,0.7246,0.7901,0.6994,0.7897,0.735,0.7487,0.7193,0.6831,0.5859
86540,Eucalyptus_globulus,1291,0.8275,0.8229,0.8223,0.8242,0.8324,0.8084,0.8298,0.8295,0.8039,0.8043
86541,Pinus_pinaster,7526,0.8268,0.8109,0.8142,0.7978,0.8207,0.7971,0.7835,0.7897,0.7766,0.7615
86542,Pinus_pinaster,8451,0.8221,0.793,0.7936,0.8002,0.8191,0.7901,0.8107,0.8152,0.7954,0.7818
86543,Salix_spp,1912,0.8682,0.8763,0.862,0.8715,0.8833,0.8565,0.8648,0.8737,0.8591,0.8488
86544,Eucalyptus_globulus,13819,0.8623,0.8652,0.8516,0.8553,0.8722,0.8424,0.8539,0.8612,0.8449,0.837
86545,Quercus_robur,2009,0.9002,0.8952,0.8818,0.8825,0.8936,0.8714,0.8687,0.8875,0.8665,0.8758
86546,Quercus_robur,1764,0.8254,0.8024,0.8001,0.7917,0.8262,0.7933,0.776,0.7998,0.8147,0.7908
86547,Eucalyptus_globulus,8731,0.8498,0.8452,0.8427,0.8375,0.8528,0.8306,0.8332,0.842,0.8232,0.8237
86548,Pinus_pinaster,368,0.8574,0.8478,0.8519,0.8338,0.8297,0.8104,0.8196,0.8168,0.7689,0.7765
86549,Quercus_robur,8947,0.8642,0.859,0.8513,0.8502,0.8667,0.8414,0.8416,0.8575,0.8478,0.8444
86550,Eucalyptus_globulus,462,0.8414,0.8315,0.8437,0.8347,0.8597,0.8309,0.8204,0.8319,0.8103,0.8241
86551,Eucalyptus_globulus,251,0.7681,0.776,0.7028,0.7388,0.732,0.7612,0.7694,0.708,0.7278,0.7424
86552,Eucalyptus_globulus,2008,0.8108,0.826,0.8117,0.8046,0.8177,0.8042,0.7914,0.8045,0.786,0.7887
86553,Quercus_robur,886,0.8822,0.864,0.8779,0.8672,0.8851,0.8673,0.8783,0.8742,0.8578,0.8616
86554,Pinus_pinaster,151,0.8031,0.7728,0.7916,0.771,0.7975,0.7833,0.8019,0.748,0.5714,0.7259
86555,Eucalyptus_globulus,5875,0.8303,0.8355,0.837,0.8245,0.8348,0.8181,0.8309,0.8279,0.8103,0.8154
86556,Pinus_pinaster,1980,0.7885,0.7908,0.7603,0.7669,0.7989,0.7885,0.7986,0.8026,0.7845,0.7631
86557,Eucalyptus_globulus,5037,0.7033,0.7535,0.77,0.7248,0.7521,0.7331,0.7641,0.7595,0.6123,0.6754
86558,Eucalyptus_globulus,718,0.7699,0.7994,0.8188,0.7375,0.8031,0.7845,0.8103,0.7743,0.7435,0.6335
86559,Eucalyptus_globulus,3763,0.76,0.7961,0.8115,0.7735,0.8023,0.7745,0.7865,0.7934,0.7658,0.6914
86560,Eucalyptus_globulus,189,0.7021,0.763,0.7867,0.7238,0.7408,0.7287,0.7698,0.7686,0.4391,0.6055
86561,Eucalyptus_globulus,706,0.7082,0.7675,0.7744,0.7158,0.7461,0.7342,0.7639,0.7636,0.4842,0.6182
86562,Eucalyptus_globulus,1385,0.7991,0.8182,0.7936,0.7867,0.8168,0.7952,0.8119,0.8115,0.7911,0.7711
86563,Eucalyptus_globulus,674,0.8115,0.8242,0.8253,0.7723,0.8206,0.8051,0.8208,0.817,0.8068,0.7826
86564,Eucalyptus_globulus,3452,0.8017,0.8056,0.7725,0.7654,0.7997,0.7861,0.8069,0.8029,0.8,0.753
86565,Quercus_robur,3928,0.8815,0.8811,0.8739,0.8651,0.8841,0.8608,0.8617,0.8621,0.8441,0.8597
86566,Pinus_pinaster,2036,0.858,0.8471,0.8497,0.8382,0.7896,0.7884,0.8225,0.8339,0.8119,0.8307
86567,Pinus_pinaster,641,0.7884,0.7547,0.7681,0.7061,0.5817,0.595,0.6867,0.7295,0.7417,0.728
86568,Quercus_robur,244,0.9025,0.8967,0.8793,0.871,0.8843,0.8649,0.8741,0.8776,0.8637,0.8811
86569,Pinus_radiata,488,0.8284,0.8121,0.8277,0.8417,0.8217,0.8183,0.8293,0.8351,0.783,0.7991
86570,Pinus_pinaster,1081,0.7781,0.805,0.8157,0.8124,0.8211,0.813,0.8228,0.819,0.7763,0.751
86571,Pinus_pinaster,4750,0.787,0.7737,0.7801,0.7722,0.785,0.7635,0.7275,0.7646,0.7679,0.739
86572,Quercus_robur,4080,0.8834,0.8869,0.8833,0.8739,0.8866,0.8631,0.8693,0.8798,0.8629,0.8775
86573,Eucalyptus_globulus,15394,0.8302,0.8343,0.8328,0.8222,0.8309,0.802,0.8186,0.8195,0.8,0.8045
86574,Pinus_pinaster,453,0.7736,0.7786,0.7825,0.772,0.7907,0.7887,0.8074,0.7956,0.756,0.6639
86575,Pinus_pinaster,1138,0.7732,0.7904,0.7964,0.7723,0.6873,0.7326,0.6346,0.7117,0.7631,0.669
86576,Pinus_pinaster,513,0.834,0.833,0.8405,0.8088,0.7119,0.7828,0.8029,0.7949,0.7808,0.6698
86577,Pinus_pinaster,424,0.7657,0.7636,0.7537,0.7256,0.6582,0.7042,0.7382,0.7449,0.7158,0.6139
86578,Pinus_pinaster,2304,0.8491,0.8542,0.8499,0.8455,0.8265,0.8301,0.8433,0.8329,0.8158,0.7695
86579,Quercus_rubra,628,0.9013,0.9007,0.9017,0.8987,0.8975,0.8921,0.8946,0.8901,0.879,0.8871
86580,Pinus_radiata,3640,0.8333,0.7993,0.8149,0.8119,0.8322,0.8211,0.7987,0.8132,0.7796,0.7816
86581,Pinus_radiata,5593,0.763,0.7175,0.7395,0.7386,0.7801,0.7501,0.7769,0.773,0.7523,0.7276
86582,Pinus_pinaster,791,0.8476,0.8239,0.8468,0.7545,0.8281,0.8227,0.8449,0.8463,0.8108,0.816
86583,Quercus_robur,16822,0.8397,0.8357,0.8289,0.8265,0.8441,0.8266,0.8312,0.8414,0.8295,0.8183
86584,Pinus_radiata,213,0.8452,0.8473,0.8734,0.8321,0.849,0.8495,0.8535,0.8447,0.7601,0.7947
86585,Pinus_radiata,357,0.8312,0.8312,0.8603,0.8326,0.8626,0.8507,0.8706,0.8738,0.8536,0.8553
86586,Pinus_radiata,2906,0.8311,0.8146,0.8204,0.8108,0.8404,0.8359,0.8353,0.8284,0.7977,0.8146
86587,Pinus_pinaster,547,0.8176,0.8043,0.8275,0.8177,0.8389,0.8276,0.8384,0.7766,0.7814,0.7912
86588,Pinus_pinaster,1544,0.821,0.8162,0.8386,0.8239,0.8394,0.8272,0.8329,0.8091,0.7816,0.789
86589,Pinus_radiata,1815,0.8202,0.8375,0.8316,0.8313,0.8371,0.8084,0.8221,0.8375,0.7821,0.7909
86590,Quercus_robur,3319,0.8762,0.8664,0.8696,0.8652,0.8761,0.8633,0.87,0.8679,0.8543,0.8584
86591,Pinus_pinaster,988,0.8045,0.7909,0.7993,0.7646,0.7824,0.7949,0.802,0.8045,0.772,0.6773
86592,Eucalyptus_globulus,4704,0.8158,0.8059,0.8135,0.7779,0.8164,0.7846,0.8036,0.8073,0.7981,0.7775
86593,Pinus_pinaster,7075,0.8504,0.8483,0.8415,0.8266,0.8522,0.8245,0.833,0.8369,0.8347,0.82
86594,Quercus_robur,8361,0.8704,0.8645,0.8519,0.8298,0.8645,0.8382,0.8468,0.8467,0.8528,0.8393
86595,Pinus_pinaster,288,0.8163,0.8152,0.8166,0.8058,0.8248,0.7797,0.7834,0.7901,0.7916,0.7533
86596,Quercus_robur,3734,0.8508,0.8445,0.8543,0.8453,0.8606,0.8441,0.8549,0.8524,0.8249,0.8345
86597,Eucalyptus_globulus,3514,0.8602,0.8592,0.8581,0.8403,0.8549,0.8388,0.8456,0.8519,0.8202,0.8339
86598,Eucalyptus_globulus,849,0.857,0.8085,0.841,0.8323,0.8514,0.8278,0.8427,0.8194,0.7785,0.8007
86599,Eucalyptus_globulus,3120,0.8086,0.8087,0.8062,0.794,0.8057,0.8008,0.8017,0.8076,0.8035,0.793
86600,Pinus_pinaster,22575,0.86,0.8382,0.8413,0.8348,0.8524,0.8378,0.8398,0.8502,0.8346,0.8396
86601,Pinus_pinaster,8515,0.8315,0.819,0.8097,0.8045,0.8203,0.8074,0.8191,0.8196,0.8115,0.814
86602,Pinus_pinaster,1867,0.7908,0.7346,0.7425,0.7417,0.7763,0.7416,0.7808,0.7922,0.7912,0.7833
86603,Eucalyptus_globulus,4030,0.868,0.8595,0.8653,0.8598,0.8642,0.8451,0.8574,0.8572,0.8306,0.8537
86604,Quercus_robur,13751,0.8401,0.8295,0.8387,0.8283,0.8437,0.8216,0.8364,0.8345,0.8188,0.8203
86605,Alnus_glutinosa,587,0.8513,0.8371,0.8206,0.8048,0.8402,0.7981,0.8097,0.8415,0.8429,0.8019
86606,Pinus_pinaster,1495,0.8333,0.8304,0.8281,0.8131,0.6478,0.6581,0.7822,0.7973,0.8056,0.7758
86607,Quercus_rubra,275,0.8383,0.8723,0.8832,0.8856,0.9001,0.8943,0.8993,0.9015,0.875,0.8894
86608,Quercus_rubra,1382,0.8866,0.8853,0.8812,0.8854,0.8869,0.8771,0.8799,0.8757,0.874,0.8788
86609,Pinus_pinaster,1945,0.8724,0.8561,0.8632,0.845,0.8017,0.8239,0.8395,0.8253,0.8225,0.8175
86610,Eucalyptus_globulus,3352,0.7982,0.7899,0.7917,0.7836,0.7966,0.7705,0.7954,0.805,0.7931,0.7809
86611,Pinus_pinaster,1747,0.8492,0.7878,0.6794,0.7795,0.829,0.8302,0.8459,0.852,0.8545,0.84
86612,Pinus_pinaster,594,0.8022,0.8086,0.8184,0.8098,0.8059,0.8038,0.8157,0.8052,0.7935,0.7857
86613,Eucalyptus_globulus,1664,0.8485,0.8461,0.8448,0.8079,0.8249,0.8244,0.8389,0.8379,0.8193,0.8243
86614,Pinus_pinaster,1106,0.844,0.8352,0.8391,0.8293,0.8198,0.8218,0.817,0.8155,0.8122,0.8094
86616,Quercus_robur,29763,0.8656,0.8554,0.8559,0.8466,0.8562,0.8412,0.8401,0.8468,0.8224,0.821
86617,Quercus_robur,166,0.8989,0.8773,0.8795,0.8716,0.884,0.8663,0.8686,0.8746,0.8454,0.8722
86618,Pinus_pinaster,6,0.8845,0.8398,0.8632,0.837,0.849,0.8524,0.8385,0.8457,0.8348,0.7678
86619,Pinus_sylvestris,3750,0.8041,0.7989,0.8064,0.7891,0.8001,0.7886,0.7722,0.7802,0.7459,0.7572
86620,Eucalyptus_globulus,431,0.8401,0.8343,0.4721,0.6933,0.7883,0.8203,0.8473,0.8647,0.8443,0.8332
86621,Pinus_pinaster,1070,0.7329,0.7599,0.7728,0.7552,0.7561,0.7393,0.7494,0.76,0.7243,0.7227
86622,Pinus_pinaster,4915,0.8135,0.7775,0.7803,0.7054,0.7864,0.7642,0.7752,0.7978,0.7887,0.7767
86623,Eucalyptus_globulus,3189,0.7792,0.7822,0.8004,0.7829,0.8049,0.7819,0.8018,0.5765,0.5496,0.656
86624,Pinus_pinaster,894,0.8502,0.8407,0.8385,0.8382,0.8367,0.8333,0.8353,0.838,0.8338,0.8324
86625,Pinus_pinaster,3042,0.7922,0.78,0.7842,0.7708,0.7094,0.7426,0.7734,0.7741,0.7496,0.7409
86626,Eucalyptus_globulus,583,0.884,0.8625,0.8705,0.8745,0.8808,0.8428,0.8644,0.8768,0.7985,0.8528
86627,Pinus_pinaster,1357,0.812,0.7992,0.8077,0.7412,0.8051,0.7915,0.8061,0.812,0.7869,0.7605
86628,Pinus_pinaster,6296,0.7544,0.763,0.762,0.7597,0.7802,0.7346,0.7679,0.7799,0.7477,0.7344
86629,Pinus_pinaster,3559,0.7725,0.7742,0.7794,0.7811,0.7936,0.7638,0.7816,0.791,0.7577,0.7489
86630,Pinus_pinaster,2011,0.8653,0.8456,0.8592,0.8497,0.8578,0.8443,0.8421,0.7794,0.772,0.8027
86631,Pinus_pinaster,0,,,,,,,,,,
86632,Quercus_suber,5418,0.849,0.8459,0.8498,0.8419,0.8501,0.8336,0.8391,0.8325,0.8107,0.8155
86633,Eucalyptus_globulus,2018,0.7082,0.7703,0.7758,0.7653,0.7916,0.7097,0.7473,0.7585,0.7545,0.5179
86634,Eucalyptus_globulus,5372,0.758,0.7587,0.7746,0.774,0.7999,0.7724,0.784,0.7975,0.6537,0.674
86635,Salix_atrocinerea,266,0.8529,0.8602,0.8581,0.8562,0.8661,0.8478,0.853,0.8717,0.8362,0.8616
86636,Salix_atrocinerea,152,0.8604,0.8581,0.8495,0.8657,0.8691,0.8531,0.8573,0.8748,0.8357,0.8527
86637,Quercus_robur,213,0.85,0.836,0.8252,0.827,0.8438,0.8057,0.8117,0.8224,0.8166,0.8051
86638,Quercus_robur,1125,0.8631,0.8821,0.867,0.8795,0.8889,0.8584,0.8676,0.8638,0.8549,0.8606
86639,Pinus_pinaster,658,0.8564,0.8443,0.8426,0.8317,0.8444,0.8192,0.8285,0.8279,0.792,0.7953
86640,Eucalyptus_globulus,3692,0.839,0.8404,0.8374,0.7661,0.8063,0.7936,0.8121,0.8135,0.79,0.7968
86641,Eucalyptus_globulus,1288,0.8725,0.8713,0.8598,0.841,0.8547,0.7583,0.8382,0.7892,0.8007,0.8225
86642,Eucalyptus_globulus,427,0.8508,0.8385,0.8396,0.8318,0.8445,0.8197,0.8411,0.8499,0.8172,0.8302
86643,Alnus_glutinosa,102,0.8462,0.7715,0.8315,0.8384,0.8061,0.7886,0.8211,0.7901,0.8693,0.8534
86644,Pinus_pinaster,1255,0.7353,0.692,0.7148,0.7046,0.7476,0.7217,0.7583,0.7443,0.7301,0.6789
86645,Pinus_pinaster,1449,0.8364,0.8311,0.8338,0.8329,0.6591,0.6553,0.6752,0.7645,0.7889,0.7375
86646,Pinus_pinaster,756,0.8966,0.5368,0.6914,0.7482,0.8259,0.8332,0.8183,0.8536,0.8534,0.8581
86647,Eucalyptus_globulus,379,0.8223,0.8145,0.8154,0.8092,0.8121,0.7974,0.7954,0.815,0.7891,0.7761
86648,Pinus_pinaster,103,0.8135,0.8049,0.8151,0.8107,0.8391,0.8221,0.8182,0.8063,0.7874,0.803
86649,Eucalyptus_globulus,281,0.8477,0.8405,0.844,0.8446,0.8586,0.8342,0.8531,0.8662,0.8504,0.8467
86650,Quercus_robur,158,0.8744,0.866,0.8622,0.8392,0.8573,0.845,0.8394,0.8541,0.8082,0.8631
86651,Quercus_robur,1142,0.8492,0.8235,0.8303,0.8198,0.8413,0.8198,0.8244,0.8325,0.8292,0.8269
86652,Quercus_robur,451,0.8979,0.8811,0.8746,0.8733,0.8853,0.8651,0.8737,0.8774,0.8419,0.8657
86653,Eucalyptus_globulus,103,0.8701,0.8639,0.8671,0.8326,0.8522,0.8444,0.8432,0.8586,0.8283,0.8183
86654,Pinus_pinaster,671,0.784,0.7526,0.7623,0.7549,0.774,0.7371,0.7477,0.7728,0.7856,0.6559
86655,Pinus_pinaster,110,0.8406,0.8281,0.8362,0.7886,0.8084,0.7783,0.799,0.818,0.814,0.8029
86656,Pinus_pinaster,217,0.7385,0.7464,0.7328,0.7535,0.7635,0.755,0.7635,0.7716,0.7356,0.729
86657,Quercus_robur,1876,0.9032,0.8925,0.8898,0.8827,0.8925,0.8798,0.8754,0.8874,0.8644,0.8759
86658,Eucalyptus_globulus,3553,0.8365,0.8249,0.8264,0.819,0.8305,0.805,0.808,0.8201,0.7911,0.7915
86659,Eucalyptus_globulus,2491,0.8496,0.8422,0.8475,0.8408,0.8517,0.8203,0.8328,0.8304,0.8038,0.8166
86660,Quercus_pyrenaica,293,0.838,0.8323,0.8286,0.8302,0.8448,0.845,0.829,0.8644,0.8316,0.8654
86661,Quercus_robur,2735,0.8262,0.8127,0.7933,0.7944,0.8276,0.7936,0.808,0.8258,0.8332,0.7708
86662,Quercus_robur,15554,0.8808,0.875,0.867,0.8676,0.8797,0.8498,0.8572,0.8683,0.8372,0.8265
86663,Pinus_pinaster,2684,0.7317,0.746,0.7434,0.8076,0.8247,0.8087,0.8286,0.6913,0.8211,0.7565
86664,Quercus_robur,1230,0.8347,0.8317,0.8256,0.8298,0.8588,0.8532,0.8467,0.8442,0.7977,0.7858
86665,Quercus_robur,170,0.8949,0.8945,0.8947,0.8941,0.9058,0.8888,0.8921,0.8957,0.8922,0.869
86666,Eucalyptus_globulus,171,0.8853,0.8754,0.8739,0.8722,0.8835,0.8659,0.8715,0.8745,0.7728,0.8292
86667,Quercus_robur,126,0.8673,0.8596,0.8125,0.8333,0.8827,0.8482,0.8561,0.8405,0.8444,0.7596
86668,Salix_spp,118,0.7476,0.528,0.6266,0.5367,0.72,0.515,0.6183,0.547,0.7942,0.4704
86669,Quercus_robur,144,0.7257,0.7149,0.7247,0.7135,0.7441,0.6542,0.6645,0.6816,0.735,0.5382
86670,Eucalyptus_globulus,1393,0.823,0.822,0.8055,0.8187,0.8311,0.8143,0.7949,0.8159,0.8129,0.794
86671,Pinus_pinaster,2745,0.774,0.7549,0.7556,0.7588,0.7817,0.7089,0.751,0.7576,0.7653,0.7189
86672,Betula_alba,1268,0.8831,0.8594,0.8648,0.851,0.8759,0.8667,0.857,0.8787,0.8644,0.8665
86673,Alnus_glutinosa,165,0.867,0.8431,0.8379,0.8246,0.8496,0.8347,0.8516,0.8746,0.8568,0.8271
86674,Laurus_nobilis,108,0.8867,0.8865,0.8793,0.872,0.8872,0.8578,0.8825,0.897,0.8755,0.8897
86675,Quercus_robur,389,0.8845,0.8828,0.8706,0.8781,0.8928,0.8568,0.8648,0.8632,0.8473,0.8527
86676,Quercus_robur,488,0.8862,0.8808,0.8636,0.863,0.876,0.8524,0.8359,0.8767,0.8536,0.8639
86677,Quercus_robur,518,0.8317,0.8391,0.8348,0.8169,0.8423,0.8081,0.8152,0.8246,0.8215,0.798
86678,Pinus_pinaster,323,0.8372,0.8368,0.8405,0.8254,0.8209,0.806,0.8141,0.8149,0.7887,0.7991
86679,Quercus_robur,555,0.9091,0.9008,0.8937,0.8881,0.8941,0.8838,0.8771,0.89,0.8674,0.8832
86680,Eucalyptus_globulus,164,0.8341,0.8229,0.8418,0.838,0.8575,0.8339,0.8519,0.8509,0.8274,0.836
86681,Pinus_pinaster,830,0.8142,0.8382,0.8415,0.8285,0.8382,0.8118,0.8146,0.8424,0.8207,0.8283
86682,Pinus_pinaster,814,0.8325,0.8038,0.8191,0.8067,0.7905,0.7869,0.7922,0.8125,0.8196,0.8062
86683,Quercus_robur,192,0.8551,0.8466,0.8559,0.837,0.8508,0.8391,0.842,0.8259,0.8317,0.8167
86684,Quercus_robur,1039,0.8663,0.8484,0.8545,0.8512,0.8615,0.8336,0.8463,0.8466,0.8172,0.8322
86685,Eucalyptus_globulus,2752,0.8559,0.8364,0.8455,0.8418,0.8531,0.8297,0.8457,0.8441,0.8011,0.8234
86686,Pinus_pinaster,245,0.847,0.8283,0.8346,0.808,0.8281,0.7758,0.7735,0.6708,0.6864,0.7148
86687,Quercus_rubra,64,0.8928,0.9072,0.8933,0.895,0.9023,0.9015,0.9003,0.8836,0.8867,0.8889
86688,Pinus_pinaster,550,0.7106,0.6995,0.7052,0.6978,0.7327,0.681,0.6335,0.6764,0.7032,0.6825
86689,Pinus_pinaster,1256,0.8074,0.7961,0.782,0.6797,0.7842,0.7255,0.781,0.783,0.7871,0.7459
86690,Pinus_pinaster,1021,0.7665,0.7729,0.7438,0.6686,0.7349,0.7281,0.7364,0.7201,0.7651,0.6699
86691,Eucalyptus_globulus,305,0.9045,0.8848,0.893,0.868,0.8877,0.8762,0.8451,0.8819,0.8661,0.8841
86692,Eucalyptus_globulus,1862,0.8188,0.8103,0.8155,0.8069,0.8004,0.7824,0.786,0.7832,0.7707,0.7862
86693,Pinus_pinaster,395,0.7923,0.7856,0.7907,0.7379,0.7987,0.7727,0.8046,0.802,0.7862,0.7304
86694,Pinus_pinaster,887,0.7588,0.733,0.7217,0.6807,0.7275,0.7105,0.7299,0.7558,0.7367,0.7169
86695,Pinus_pinaster,4724,0.7602,0.7315,0.7604,0.7006,0.7532,0.7201,0.7408,0.7444,0.7087,0.6813
86696,Pinus_pinaster,1216,0.7703,0.7525,0.7483,0.779,0.8169,0.8031,0.8327,0.8164,0.8122,0.8078
86697,Quercus_robur,184,0.7061,0.719,0.689,0.6935,0.739,0.6978,0.7227,0.7064,0.7215,0.7129
86698,Eucalyptus_globulus,291,0.7654,0.7476,0.7693,0.7444,0.7899,0.7488,0.756,0.7755,0.7163,0.6983
86699,Quercus_robur,160,0.8019,0.7923,0.792,0.7788,0.811,0.7973,0.7957,0.7888,0.8166,0.7761
86700,Eucalyptus_globulus,981,0.7951,0.7893,0.8103,0.8033,0.8232,0.7858,0.7965,0.8138,0.7974,0.7844
86701,Pinus_pinaster,348,0.7913,0.7795,0.7857,0.7529,0.7967,0.7616,0.7829,0.7288,0.7849,0.7709
86702,Quercus_rubra,294,0.8019,0.7925,0.7988,0.7791,0.8241,0.7979,0.8145,0.829,0.8148,0.8162
86703,Eucalyptus_globulus,3348,0.7013,0.7592,0.781,0.7817,0.7817,0.7659,0.7937,0.8047,0.7887,0.7877
86704,Pinus_pinaster,126,0.4843,0.5716,0.601,0.6291,0.6719,0.6579,0.5847,0.6589,0.7134,0.6828
86705,Eucalyptus_globulus,517,0.8561,0.8281,0.839,0.8345,0.8396,0.8226,0.8337,0.8432,0.7995,0.7862
86706,Quercus_robur,119,0.7813,0.8181,0.8288,0.824,0.8337,0.8029,0.7755,0.7857,0.8025,0.7871
86707,Pinus_pinaster,383,0.8758,0.8583,0.8646,0.8647,0.876,0.8587,0.8433,0.8551,0.8343,0.8579
86709,Quercus_robur,846,0.8741,0.8614,0.8637,0.8651,0.8702,0.8563,0.8654,0.8688,0.8433,0.8517
86710,Eucalyptus_globulus,735,0.8039,0.8105,0.8128,0.773,0.7759,0.7697,0.7874,0.7935,0.7786,0.7715
86711,Quercus_robur,1677,0.8407,0.8246,0.8352,0.824,0.8417,0.8179,0.8183,0.8193,0.8012,0.8089
86712,Quercus_robur,292,0.8318,0.8304,0.8411,0.8319,0.8436,0.8267,0.8477,0.8594,0.8322,0.8395
86713,Eucalyptus_globulus,299,0.7951,0.6454,0.762,0.7755,0.8021,0.7612,0.7991,0.8093,0.7734,0.7663
86718,Pinus_pinaster,7314,0.6622,0.4268,0.436,0.5001,0.5882,0.5628,0.627,0.65,0.6778,0.5701
86719,Pinus_pinaster,9031,0.7667,0.6251,0.6657,0.6934,0.7657,0.7478,0.7838,0.7805,0.7877,0.7482
86720,Pinus_pinaster,7071,0.6141,0.7041,0.7214,0.7217,0.754,0.7307,0.7599,0.7514,0.7446,0.7199
86721,Pinus_pinaster,2886,0.6473,0.6768,0.6766,0.6678,0.6911,0.6976,0.7393,0.7274,0.7351,0.6849
86723,Pinus_pinaster,241,0.7305,0.4412,0.4809,0.5609,0.6531,0.6356,0.6463,0.6897,0.6825,0.5906
86724,Pinus_pinaster,345,0.7863,0.7748,0.7658,0.7699,0.7885,0.7649,0.7351,0.7526,0.746,0.7175
86725,Quercus_robur,901,0.8723,0.8685,0.8553,0.8489,0.8775,0.8512,0.8651,0.8755,0.8654,0.8674
86726,Pinus_pinaster,9473,-0.0395,0.1122,0.0735,-0.136,0.0161,0.02,0.2314,-0.081,0.1356,-0.0106
87537,Alnus_glutinosa,1161,0.8617,0.8502,0.8485,0.8605,0.8603,0.8544,0.8561,0.8665,0.8495,0.8345
95048,Pinus_pinaster,0,,,,,,,,,,
95052,Quercus_robur,2134,0.8186,0.8274,0.7906,0.8163,0.834,0.8156,0.8399,0.838,0.8376,0.8251
95053,Eucalyptus_globulus,6409,0.795,0.6336,0.7204,0.7463,0.7521,0.7362,0.78,0.7925,0.7749,0.7499
95506,Quercus_robur,10328,0.8602,0.8061,0.825,0.8222,0.8422,0.8259,0.8374,0.8408,0.8182,0.816
95507,Pinus_pinaster,878,0.8054,0.6117,0.6892,0.7208,0.712,0.6985,0.7495,0.7492,0.6264,0.674
95508,Pinus_pinaster,4004,0.8057,0.6024,0.6964,0.7388,0.7759,0.7195,0.7606,0.7818,0.759,0.7396
95509,Eucalyptus_globulus,2909,0.8273,0.6936,0.788,0.7931,0.8111,0.7888,0.8133,0.814,0.7674,0.7986
95510,Eucalyptus_globulus,7929,0.8019,0.4875,0.5981,0.6916,0.7626,0.6438,0.6832,0.7419,0.7494,0.6754
95511,Pinus_radiata,2691,0.8361,0.4952,0.5792,0.7239,0.8026,0.7385,0.779,0.8262,0.677,0.7339
95512,Pinus_pinaster,4619,0.8165,0.5083,0.5721,0.6968,0.7809,0.7179,0.7375,0.7925,0.7918,0.7635
95513,Pinus_pinaster,6926,0.8523,0.6481,0.7472,0.7955,0.834,0.824,0.8365,0.847,0.8346,0.7905
95514,Quercus_robur,1045,0.8439,0.6465,0.7238,0.7614,0.7828,0.7727,0.7777,0.8015,0.7798,0.6541
95515,Pinus_pinaster,2378,0.7954,0.6176,0.6946,0.7042,0.7538,0.7217,0.769,0.7709,0.75,0.7208
95538,Alnus_glutinosa,3989,0.884,0.8863,0.866,0.8636,0.8753,0.8483,0.8594,0.8629,0.8518,0.8547
95539,Quercus_robur,543,0.8887,0.8902,0.8775,0.8665,0.882,0.8568,0.8677,0.8605,0.8646,0.8657
95540,Quercus_robur,5814,0.8783,0.8787,0.8582,0.8648,0.8768,0.8523,0.855,0.8591,0.8416,0.8493
95541,Quercus_robur,21906,0.881,0.8796,0.8616,0.8698,0.8771,0.8495,0.8419,0.8676,0.8511,0.8526
95542,Pinus_pinaster,302,0.8163,0.8045,0.7945,0.7983,0.7945,0.79,0.5809,0.7497,0.8238,0.801
95543,Pinus_pinaster,1151,0.8055,0.8073,0.8027,0.7938,0.8155,0.784,0.7041,0.7825,0.7912,0.7738
95544,Eucalyptus_globulus,1470,0.8499,0.8479,0.8486,0.8368,0.8242,0.797,0.8191,0.8339,0.8282,0.8183
95545,Pinus_pinaster,2046,0.837,0.8242,0.8105,0.7433,0.6956,0.7214,0.7622,0.8207,0.8012,0.8005
95546,Eucalyptus_globulus,13546,0.7758,0.7776,0.7637,0.7544,0.7822,0.7334,0.769,0.7822,0.7559,0.732
95547,Quercus_robur,1958,0.8929,0.8869,0.8777,0.8731,0.8833,0.8638,0.8703,0.8734,0.8682,0.8723
95548,Quercus_robur,8257,0.8516,0.8519,0.8434,0.8356,0.8408,0.8107,0.8196,0.8377,0.8183,0.8178
95549,Quercus_robur,2270,0.9081,0.9035,0.8907,0.8858,0.9003,0.8804,0.8741,0.889,0.8801,0.8834
95550,Eucalyptus_globulus,5151,0.7514,0.7841,0.7709,0.7545,0.4334,0.5283,0.653,0.7068,0.7397,0.7317
95551,Pinus_pinaster,25331,0.8365,0.8294,0.83,0.816,0.7805,0.7815,0.806,0.8215,0.8104,0.8083
95552,Quercus_robur,14370,0.888,0.8949,0.884,0.8774,0.8888,0.8685,0.8774,0.8797,0.8628,0.8712
95553,Quercus_robur,3112,0.8933,0.8873,0.8808,0.8732,0.8759,0.8524,0.862,0.8704,0.8597,0.8617
95554,Eucalyptus_globulus,1419,0.8102,0.8151,0.81,0.7897,0.6347,0.6889,0.7415,0.7687,0.7637,0.7404
95555,Pinus_pinaster,3717,0.8606,0.8565,0.8432,0.8382,0.852,0.8363,0.8466,0.8522,0.8377,0.8056
95556,Pinus_pinaster,5512,0.8783,0.876,0.8693,0.8588,0.8711,0.8492,0.8579,0.8605,0.8515,0.8562
95557,Pinus_pinaster,7030,0.846,0.8411,0.8414,0.8311,0.8337,0.8077,0.8261,0.8139,0.8112,0.8083
95558,Quercus_robur,14112,0.8808,0.8769,0.8661,0.8641,0.8739,0.8575,0.862,0.8629,0.8534,0.8564
95559,Quercus_robur,7788,0.8518,0.8504,0.8247,0.8183,0.8327,0.8148,0.8325,0.8382,0.8164,0.828
95566,Pinus_pinaster,1316,0.8474,0.6809,0.7218,0.7718,0.8209,0.7666,0.7488,0.8267,0.8459,0.7895
95570,Quercus_robur,564,0.853,0.8671,0.8472,0.8402,0.8666,0.8393,0.8353,0.8613,0.8548,0.8456
